Timestamp,Utilization Rate (%),Distance Traveled (mi),Vibration Levels (in/s),Temperature (°F),Battery Voltage (V),Charge Cycles,Navigation Errors,Obstacle Detection Alerts,Component Lifespan (hours),MTBF (hours)
2025-04-01 00:00:00,68.72700594236812,5.597527523846158,0.006149668987378487,179.63015615003195,11.796493655721003,205,4,7,75.96725388932673,511.15188728160166
2025-04-01 00:05:00,97.53571532049581,0.19638531619004862,0.038914233374441644,134.8544088092512,12.282658315923156,389,4,0,88.69562594881978,220.00821727968588
2025-04-01 00:10:00,86.59969709057026,4.145487744777259,0.038475608673134286,119.57257341679005,11.742356632050836,461,3,3,163.5108617353441,571.0136449772369
2025-04-01 00:15:00,79.93292420985183,5.98852819351891,0.03125269813266991,168.6059378837127,11.65938740120638,80,4,2,166.28528419368942,761.1598363890098
2025-04-01 00:20:00,57.80093202212183,3.508052516826095,0.02596154795946445,130.2421327294736,12.930893661653226,273,3,4,110.73457946587467,598.0084973327514
2025-04-01 00:25:00,57.79972601681013,5.825068769554046,0.022748321349090227,127.96547114096848,12.743505100345859,275,2,4,192.646765196564,320.6976205486384
2025-04-01 00:30:00,52.90418060840997,0.3836052540273751,0.03409850445167989,129.95374885626146,13.333085128143392,370,4,4,190.7381866572756,418.4163869220146
2025-04-01 00:35:00,93.30880728874675,2.638374732317664,0.011395262910111401,168.45278020193248,10.999835924957981,445,3,3,51.86145725902393,674.7154639350691
2025-04-01 00:40:00,80.05575058716045,1.662516716606019,0.018412656103650858,166.84968650230962,12.438114039016254,464,2,7,75.84918535110876,630.7798760103926
2025-04-01 00:45:00,85.40362888980228,4.5578355429273065,0.024385445032956116,120.5801591835428,12.340779141571415,207,4,2,173.0329162525807,223.0973093092001
2025-04-01 00:50:00,51.029224714790125,6.09865768875171,0.01618861015402945,112.99638486601671,11.478951243490755,295,2,3,100.28250272390125,860.4545262094924
2025-04-01 00:55:00,98.49549260809971,1.6402004801673427,0.016830184446179258,130.12822659622594,11.944230167610723,38,4,0,64.31940180497426,527.6700210223139
2025-04-01 01:00:00,91.62213204002109,4.086339850296216,0.013003340388023813,138.85943105160777,11.255128573222915,435,0,6,167.74987616353752,246.13230207375372
2025-04-01 01:05:00,60.61695553391381,1.2807491292389697,0.02221386304605185,102.74041874782367,10.567377590467942,287,0,0,118.18752583628141,210.54388831725632
2025-04-01 01:10:00,59.09124836035503,3.5398073735728164,0.033487204225407914,162.74714914928376,10.85520484265093,123,3,1,123.86161800730578,968.9965971806172
2025-04-01 01:15:00,59.17022549267169,2.9160516125415796,0.007934192394946337,129.54013869910168,10.422054585604805,363,1,6,77.95540832242568,353.3816000561914
2025-04-01 01:20:00,65.21211214797688,6.041498744416931,0.03678872217902686,113.07691922935564,12.732278300760496,456,0,0,149.13425809083918,917.7342291247384
2025-04-01 01:25:00,76.2378215816119,3.8055369796304936,0.027129449836833176,88.53666724011097,12.642909572436606,282,1,2,132.68619771839263,469.526768892045
2025-04-01 01:30:00,71.5972509321058,2.212151026906591,0.032412348710534056,102.79527732358954,13.80242548631949,365,2,5,81.00094066836137,447.3292874078712
2025-04-01 01:35:00,64.5614570099021,0.7640056383208406,0.02189728318791282,179.52236654964622,12.918713654588965,179,2,5,101.04972626588102,730.8360726844887
2025-04-01 01:40:00,80.59264473611897,0.9925429928567647,0.03068965048673552,109.95076617650886,10.208183355024525,96,1,5,139.5318931004258,108.8949589979153
2025-04-01 01:45:00,56.97469303260209,1.448190620199216,0.000637811263294558,95.23680325163983,13.536980695715817,190,3,1,188.7308383150115,404.2805694673515
2025-04-01 01:50:00,64.6072324267609,1.6059768127044551,0.03221971916161278,126.75266149873927,13.450700651782903,73,4,1,188.05645254822375,372.38114097262803
2025-04-01 01:55:00,68.31809216468459,5.294763789720376,0.0015802708960767882,110.16547628290685,11.773281283090794,446,1,5,93.18588565962244,881.2882848556418
2025-04-01 02:00:00,72.8034992108518,3.514539995261218,0.03503597861874353,80.79719902928898,12.343452202111687,272,1,9,160.34314666398274,576.2111851187049
2025-04-01 02:05:00,89.25879806965068,3.2818144465168544,0.03905367255506011,111.89968346617707,13.904313329890076,496,1,4,166.3278620785714,428.1131415018267
2025-04-01 02:10:00,59.98368910791799,0.7681461819542506,0.01157746539264596,135.7637313854626,12.129217455392665,48,1,6,171.32346499741922,339.4713792697463
2025-04-01 02:15:00,75.71172192068059,5.353349127822695,0.008280262592827324,136.58493617815643,13.621287313504359,483,1,6,135.61434271272202,631.4588279295662
2025-04-01 02:20:00,79.62072844310212,4.5085819793496915,0.030132432171427446,115.50836348710398,10.332155031240745,336,3,4,51.57619971493817,236.5058264890282
2025-04-01 02:25:00,52.32252063599989,0.47840396125144224,0.009961672344664461,125.30869767528087,10.76420747483473,209,0,7,164.2514428169373,321.58429165790346
2025-04-01 02:30:00,80.37724259507192,4.41643630178751,0.03407727758172797,181.27593516935477,11.763019773765272,115,4,9,65.98961747440251,364.2509485582748
2025-04-01 02:35:00,58.526206184364575,3.405752067919331,0.004048923137499073,117.75363554087366,12.339027233349219,22,0,5,67.53070793306027,647.1180528462469
2025-04-01 02:40:00,53.25257964926398,0.5648765221390114,0.0049588686769749726,104.88849583207816,13.264911407451201,97,1,4,140.8437203969229,435.9294631148279
2025-04-01 02:45:00,97.44427686266667,2.8814069064802976,0.03854929463946674,103.29444075921009,13.953048460572747,327,0,3,197.52807815379524,555.2049701080446
2025-04-01 02:50:00,98.28160165372796,3.043781644639816,0.02652910480877991,126.43857817204649,11.555405985896465,396,3,6,86.38092098986998,685.3944373899279
2025-04-01 02:55:00,90.41986740582306,1.0819112687783687,0.033342034714490314,159.02817606142997,10.18966254456034,406,2,3,146.87163200768111,960.6444407269186
2025-04-01 03:00:00,65.23068845866854,5.879668192667153,0.012768880019267,99.2467238923551,13.204686013181298,312,0,4,95.54804686064014,788.3536573924771
2025-04-01 03:05:00,54.883605700319194,5.2908225608678725,0.026633232867001148,153.60398173120296,12.417522876331233,189,4,4,184.80891704157946,464.7311025148969
2025-04-01 03:10:00,84.21165132560785,4.177676779808401,0.0233953601653222,79.28418092173696,10.794171435472807,181,3,0,139.0275338170796,773.4478369575311
2025-04-01 03:15:00,72.00762468698007,2.9059819448416317,0.023746080544252434,122.24476162226617,11.979313826485681,147,2,0,81.12159914847064,954.7247628272913
2025-04-01 03:20:00,56.10191174223894,2.5951428467650857,0.02687137118524605,160.79342704190097,12.969240982134897,341,3,2,89.31965756681424,549.4424910887124
2025-04-01 03:25:00,74.75884550556351,4.06664783914485,0.022651948182009923,113.58315922363859,13.081647148274575,494,1,2,114.87210956271815,469.44723981060076
2025-04-01 03:30:00,51.71942605576092,3.417401006639859,0.016892228385682887,137.88360695610314,11.998473647995048,435,2,1,68.30653430447191,170.2168291006629
2025-04-01 03:35:00,95.4660201039391,0.4452146505418381,0.010863104070031566,99.13775714519836,11.220858120515437,22,4,1,61.81000523952225,903.133333585776
2025-04-01 03:40:00,62.93899908000085,3.214834505353791,0.030259123856185854,157.13550224162663,13.894970328153974,104,2,5,152.00920936219342,321.79085271429005
2025-04-01 03:45:00,83.1261142176991,5.022787738231509,0.00890836819646844,82.64614315302605,12.653450443825971,162,4,0,111.07475931336805,157.5621071372256
2025-04-01 03:50:00,65.58555380447055,2.887184685624764,0.0272580582687299,169.07460564655403,11.632950077385194,66,1,5,158.93386878054156,583.4831379319749
2025-04-01 03:55:00,76.00340105889055,0.38175177445958586,0.009186336560986254,98.40520973354015,11.12185289681861,289,4,4,66.50873006564322,861.3096813653726
2025-04-01 04:00:00,77.33551396716399,4.898984763191614,0.024619311324123844,171.43498742449975,12.924411932014248,288,3,5,141.47983218516435,465.97155006074723
2025-04-01 04:05:00,59.24272277627635,1.3008410852291643,0.02941254608469658,115.07315806045587,10.968733782375072,45,0,4,116.49601900546106,804.7607231431147
2025-04-01 04:10:00,98.47923138822793,1.653062019272634,0.008610787677639339,155.04982604324454,10.686839955894753,80,3,6,58.69979816855428,852.7564065555962
2025-04-01 04:15:00,88.75664116805572,1.0753402402319334,0.002359973749239793,111.47633216090836,12.11933555584828,428,3,0,131.7202967413965,508.9632029378773
2025-04-01 04:20:00,96.97494707820945,2.0934791442352463,0.005156449359054933,174.83846049334193,11.159949570576568,146,2,2,62.420641207181866,631.8595593464263
2025-04-01 04:25:00,94.74136752138244,4.717349154428403,0.023858161201157,90.67680955598442,12.51562057969446,221,1,5,174.1579621686512,580.521068685046
2025-04-01 04:30:00,79.89499894055426,3.2571770779676283,0.033442789957747826,96.28013724144066,10.471754699496934,342,0,0,144.79361980850433,945.2762754710513
2025-04-01 04:35:00,96.09371175115584,1.322479193782994,0.0017715293517207807,130.24725351715063,12.619764418269286,14,4,6,133.54513006406725,752.9551165825851
2025-04-01 04:40:00,54.424625102595975,5.462172819564977,0.028903608483595515,85.84935141611979,11.13318611199081,378,2,3,70.02035067044886,932.8085296931017
2025-04-01 04:45:00,59.79914312095726,5.472949002251557,0.013437749222918146,98.16585994779028,10.000971737738052,120,1,2,93.11856702561245,298.00898025577465
2025-04-01 04:50:00,52.2613644455269,5.417563746837698,0.018839709776568594,178.92676927889755,10.507744230696705,77,0,9,123.9313845702949,379.21316664940343
2025-04-01 04:55:00,66.26651653816322,1.5311094025573486,0.0365692933633749,182.4608834039718,13.734461511340376,321,3,8,144.9925270459532,163.82212586206091
2025-04-01 05:00:00,69.4338644844741,2.8379688210775393,0.01306975133860071,117.63600756768557,13.46941855646143,294,1,0,77.48460781132334,549.917161026227
2025-04-01 05:05:00,63.567451588694794,6.121372775496526,0.018320361622890958,176.71489026950502,10.934436128144947,240,1,7,51.32994172004351,886.5313114473197
2025-04-01 05:10:00,91.43687545759647,4.811228127730429,0.0005386780373694912,135.84106497273063,13.113487618181965,17,1,0,101.71402809039434,394.16202741764414
2025-04-01 05:15:00,67.83766633467947,0.2292594721740386,0.0032125497664624867,106.13218631436685,12.434286372695897,255,3,4,122.43071818343654,215.45389625439836
2025-04-01 05:20:00,64.04672548436903,0.46324789655361975,0.01018077680213556,152.85906187670466,13.883618845799479,453,4,9,77.66502583952045,161.60162943614768
2025-04-01 05:25:00,77.13480415791243,2.9160447850584346,0.0010965455063497813,148.16139511008458,11.494422638136236,442,2,7,123.82482587828088,502.7502452712891
2025-04-01 05:30:00,57.04621124873813,5.655271478510395,0.024857309724052243,183.82553446374322,12.725842450068685,415,4,5,100.7728787853903,247.61957016588696
2025-04-01 05:35:00,90.10984903770199,3.3760004814671922,0.016787345947115558,105.62510704020261,10.254142889695675,276,0,6,118.26344991596116,411.49362599659315
2025-04-01 05:40:00,53.727532183988544,3.124467033704772,0.0215805314459225,149.58242628746743,11.584989387265624,423,2,7,102.1186625867891,837.9818272741932
2025-04-01 05:45:00,99.34434683002587,0.71096625431594,0.006875877173457084,82.61856554318027,13.855270644752721,475,0,5,144.27017746802002,445.6426444817719
2025-04-01 05:50:00,88.61223846483287,4.102367793481129,0.01165087359212252,89.2737721792457,12.155923497800483,26,3,5,56.434551649035754,648.8838264307202
2025-04-01 05:55:00,59.93578407670862,5.119364623752695,0.026134835957399273,77.42318449471807,11.151518013339379,1,4,5,75.63579349164104,551.9440502405334
2025-04-01 06:00:00,50.27610585618012,2.4023185088013173,0.038004064759601205,184.9417535544447,10.481083852514427,352,1,4,114.91263036664994,746.6799636730327
2025-04-01 06:05:00,90.77307142274171,4.833369943071085,0.0019849134183963363,163.6455592919276,12.814113360726122,463,2,7,103.4445073327785,240.5484630888119
2025-04-01 06:10:00,85.34286719238085,5.995185546818912,0.03505451975050391,161.9660855912224,12.579424173718907,294,1,1,108.74479339307256,928.3969328352568
2025-04-01 06:15:00,86.45035840204937,1.31562132789885,0.022711870583742407,132.0504161311234,11.495754854415098,469,0,6,170.56410423207194,679.2695177950318
2025-04-01 06:20:00,88.56351733429729,3.281437477024565,0.02220156973512558,109.40724495378751,13.803765407463338,311,1,3,182.94974873710487,343.85835842209656
2025-04-01 06:25:00,53.70223258670452,1.828487181514411,0.019696015958983043,93.336542721969,10.088811251951402,362,1,0,87.30031752463552,210.9283373242531
2025-04-01 06:30:00,67.92328642721363,4.93943885777381,0.0027320521014562904,107.74487179541808,11.214895406527303,382,3,4,175.45865904294584,234.75300773157127
2025-04-01 06:35:00,55.79345297625649,3.6152447967743133,0.0035384606405378187,117.60489196834703,13.684277945198325,238,3,2,118.81847979355368,804.3966342064972
2025-04-01 06:40:00,93.15517129377967,3.965817102618933,0.023657965753998783,158.68149047387175,11.283741753277761,12,4,3,91.07309289293312,629.2990479816622
2025-04-01 06:45:00,81.1649063413779,4.9705642208194085,0.013423573053275073,135.28347320154046,11.00901133542068,381,0,6,197.81841065070176,442.682461646365
2025-04-01 06:50:00,66.54490124263246,2.4979783288305484,0.03611293550796994,85.36823166799213,12.13688163972499,183,3,4,173.7202687151251,399.610761568192
2025-04-01 06:55:00,53.177917514301186,5.691380365871913,0.016007510114896158,78.94713296756252,13.29520699968215,193,3,3,199.1379978629804,870.1822039604772
2025-04-01 07:00:00,65.54911608578311,3.341103034669052,0.005641005357268849,88.05187538967883,10.412587043513444,461,4,0,75.2286176642382,887.2862714033149
2025-04-01 07:05:00,66.25916610133736,1.0338077075782282,0.028138551946858506,121.33386107931696,13.772082838582945,55,2,5,71.5764010921788,623.1358345773637
2025-04-01 07:10:00,86.4803089169032,4.343011256461103,0.0115493535374747,177.784835041294,13.180291524724655,229,4,9,125.50669294163589,572.0896590985326
2025-04-01 07:15:00,81.87787356776066,4.941942125973369,0.02068781854763225,145.83946797059593,10.725001022206207,488,1,5,145.7965640051831,834.8032378689144
2025-04-01 07:20:00,94.36063712881634,2.0107196484071483,0.027473746548617093,163.59719718655563,12.84803184479265,27,1,6,75.65901388000275,774.4016618149377
2025-04-01 07:25:00,73.61074625809746,5.335137787795664,0.035443488084436627,127.36845620649123,11.539834890550228,319,3,0,179.06460021328138,460.2926649950096
2025-04-01 07:30:00,55.97971229691508,5.6363433895348845,0.03118864655846147,116.05993698506464,11.609178712305274,70,3,3,129.8020217995045,174.46481627577128
2025-04-01 07:35:00,85.66223936114974,1.7655352404417217,0.026628402878255932,88.70724025339526,13.133160369755466,209,4,8,111.64127498309712,791.6500966265
2025-04-01 07:40:00,88.03925243084487,6.11234113812305,0.02675722635421504,171.60076639611012,13.851139231922929,447,4,9,140.30805093905678,251.83092604621936
2025-04-01 07:45:00,78.06385987847482,0.9277343226623322,0.03724114782800765,161.5812831350135,10.506623491388776,183,0,5,145.24305694584336,114.7392158306305
2025-04-01 07:50:00,88.54835899772806,1.3048512111201438,0.011646624300848374,95.15675454055432,11.682520947515277,424,1,1,56.41749214756912,858.9724076835918
2025-04-01 07:55:00,74.68977981821953,1.1954096285634983,4.378325971331785e-05,132.32414089863613,11.923766432337214,374,4,3,199.9839000057574,620.4284608030467
2025-04-01 08:00:00,76.1366414690997,5.561579972963275,0.010706878198963021,129.63647925549446,11.50524726781999,355,2,5,104.58793652067132,902.4994319821826
2025-04-01 08:05:00,71.37705091792748,4.087065433554067,0.008578405405042873,144.5098876901451,11.4527564948649,40,0,3,59.23139703648443,536.1292748778562
2025-04-01 08:10:00,51.27095633720476,0.9978176866440586,0.02605649379939662,179.18818455105622,10.209074670246386,483,4,9,177.8484762163273,933.8329906402627
2025-04-01 08:15:00,55.39457134966522,2.770818707670098,0.024949289053928854,139.6153157103478,12.742154482250493,491,3,6,198.95280188184682,418.5745731809774
2025-04-01 08:20:00,51.57145928433671,3.8471877564429144,0.023364633983223245,135.34346481209082,11.744857668480181,259,4,2,172.45377638241354,752.0698021008636
2025-04-01 08:25:00,81.82052056318902,0.575572503343987,0.0006395059835005131,82.43487675694371,10.779175210575707,440,3,5,177.78237347897687,370.88785833560513
2025-04-01 08:30:00,65.71779905381634,5.490385718411001,0.028692064881527434,83.79400740994659,13.264134009208274,413,3,3,143.89026713291764,101.04729789518059
2025-04-01 08:35:00,75.42853455823514,5.005562830966338,0.01273742469259505,97.2334534632932,13.210242992606512,343,1,2,188.34883673313993,441.7700810940611
2025-04-01 08:40:00,95.37832369630465,3.1699533972304836,0.026183320792789965,80.5068433427088,11.945566512355576,83,1,2,55.36078275912013,763.9889617983149
2025-04-01 08:45:00,62.464611457443745,6.011486977297039,0.021912548387972627,157.28211272156133,11.193802644591042,45,4,1,165.00857944313015,235.02176150186253
2025-04-01 08:50:00,70.51914615178148,2.632024218786165,0.013493350807189247,155.11967283134805,12.55237090318581,439,4,2,150.60653425011134,554.3218298866537
2025-04-01 08:55:00,87.77755692715243,6.1159634691952744,0.0052982810935154325,91.69407331861744,11.152608543109611,158,2,9,57.437745578600335,291.0893363656435
2025-04-01 09:00:00,61.43990827458112,4.170895664008425,0.003717281442782901,167.29652128589032,10.944031721294849,343,0,0,131.59603684647192,167.1617092771926
2025-04-01 09:05:00,53.84899549143965,3.966363704957441,0.03273695992646155,93.7168917633801,12.922058616105307,6,0,2,127.25905186368043,655.7067837498846
2025-04-01 09:10:00,64.4875726456884,1.0830207365238886,0.03615740307150515,109.52696339571476,10.161300958883803,473,4,8,153.7301337615465,956.7708600730627
2025-04-01 09:15:00,58.06106436270022,5.487379997744598,0.02558222037991515,103.88950510942742,10.379073884138375,332,1,3,61.629711741375885,379.6337968461254
2025-04-01 09:20:00,96.48488261712865,2.6918710792419134,0.004072211445468717,117.20916664588916,10.027152696094358,437,2,2,170.79181779926182,622.5812203239553
2025-04-01 09:25:00,90.40601897822086,1.0601277224862033,0.015827851731611726,104.50368671611588,10.611772745901705,135,0,7,70.91051630172569,958.243030975715
2025-04-01 09:30:00,81.67018782552117,0.139693178219088,0.02869840920206005,129.80670005535282,10.275960034841837,182,4,0,112.7996920192809,685.4350149952187
2025-04-01 09:35:00,93.57302950938589,3.505514994090847,0.03070162618556478,121.00005118630602,13.983209471119675,196,1,4,182.1932011252454,705.8019720789588
2025-04-01 09:40:00,90.18360384495573,3.306474322920096,0.004654278981462387,183.54950500416726,11.155239879816358,171,1,0,134.07974082432446,261.0356604047523
2025-04-01 09:45:00,59.32850294430179,4.487293348882949,1.209404014590251e-06,83.04004581384837,10.597072050676989,396,1,6,106.93863706321014,543.3487109675441
2025-04-01 09:50:00,94.62794992449889,5.538624412951075,0.028036906710024005,92.35558864983398,10.963985031983672,348,3,4,57.230336306875515,430.374472378522
2025-04-01 09:55:00,76.96711209578254,0.5506124941716166,0.014039227108194514,82.70519654212907,13.74450228616054,275,1,1,150.84102758025824,523.861167151927
2025-04-01 10:00:00,90.37200775820313,4.561991086422885,0.010018955473944068,144.59084905809658,12.080640892097582,77,4,0,197.9820147960176,820.7439187976894
2025-04-01 10:05:00,94.80456499617466,1.2150153364470018,0.0005077746753605955,82.88700196068172,11.459272385231428,415,2,6,186.76945981375744,514.6290889714885
2025-04-01 10:10:00,65.90017374859319,5.341275803603469,0.021271641674140918,167.33549163662133,13.493565831636877,443,4,0,157.59441163601417,156.56561043205159
2025-04-01 10:15:00,55.50259622638384,5.100666015250138,0.03350988956879444,132.2893721136482,11.57996108219613,177,1,2,65.79392873839176,914.9874950357766
2025-04-01 10:20:00,61.39675812709709,3.3888693076583145,0.03770205367691641,133.91682345480564,11.340034279830784,26,2,5,85.91601401005913,590.3342987067736
2025-04-01 10:25:00,71.35538943131282,4.431247452431321,0.022273435280140256,137.652206832917,10.829130090198943,119,0,5,78.02735291799306,932.0449226772628
2025-04-01 10:30:00,90.90073829612466,1.9958847373730795,0.020254393919252406,95.44788028107077,11.511187295637646,280,0,6,103.31924603834679,615.119060824862
2025-04-01 10:35:00,93.03652916281717,2.9605607784250414,0.003348678402349971,98.35055273636465,11.266737424067705,307,4,0,85.32758416873033,162.67268437755453
2025-04-01 10:40:00,50.34760652655954,5.116496373595809,0.021609177084012304,111.4322708702845,12.709215837192565,195,2,6,86.66591689575398,597.582454173194
2025-04-01 10:45:00,75.53736512887829,2.887340440843899,0.014959814336775483,141.09761290875994,11.15833081868291,276,4,1,142.50949030631085,618.1650392434126
2025-04-01 10:50:00,70.87055015743894,2.2631592126429974,0.02390297672191451,99.69271980154318,12.308798985690245,17,2,5,97.80539839420751,292.90589140867803
2025-04-01 10:55:00,61.105390523536514,3.1023209973476242,0.01530419518853443,89.56382653039222,10.263568660127891,294,2,7,151.57443147087096,523.9261756939391
2025-04-01 11:00:00,55.99326836668414,5.157172755738052,0.009460600520153283,181.77262373319064,10.765156626786057,270,4,4,192.18344887192708,513.4973606862861
2025-04-01 11:05:00,66.8807585701814,2.1241938400685774,0.0037387923822687053,79.37403599943927,11.629621086445395,52,2,9,145.77168749198586,660.5885341185433
2025-04-01 11:10:00,97.14548519562595,1.1310442073946676,0.012398370655309283,163.69131977629033,13.74779701563478,293,1,2,162.74850158155567,333.6526888065283
2025-04-01 11:15:00,66.16014660103777,4.44214325188688,0.003804916790392236,162.10779615410237,11.509007942862782,431,2,7,162.7370622924257,623.5735761533743
2025-04-01 11:20:00,75.9395310871683,5.143202289285472,0.0069644506436353296,109.09912429527037,12.656296484799336,51,2,7,99.60541825989665,316.85683837324854
2025-04-01 11:25:00,85.15094794475888,0.6812158856096997,0.03887152329689258,91.64767452878985,11.020348889685593,215,4,3,52.243699189015324,501.800744983516
2025-04-01 11:30:00,68.1814801189647,1.537740191441014,0.017484401445769265,92.72789384418573,10.508134303892927,71,0,7,58.257194449132164,210.4351294035763
2025-04-01 11:35:00,98.58910413604804,0.9354881447728076,0.020939844634479152,152.32261466161677,10.234146400320201,27,3,4,92.30903763268377,133.57049307533038
2025-04-01 11:40:00,98.12236474710556,2.2025240582766026,0.03439444883823704,146.42311183730675,11.221653994171005,468,2,4,153.4314775486397,388.5285753925605
2025-04-01 11:45:00,62.58911479126821,2.8325039773230083,0.039195647169208425,161.53653281914976,10.630644107187631,399,3,2,186.0024707972439,347.11457558476735
2025-04-01 11:50:00,74.86242529461927,4.668596901269745,0.022941526142145046,178.2479666191033,10.696041792064497,251,2,6,193.81973932861194,466.24232082821203
2025-04-01 11:55:00,65.04391549083849,4.067718937058556,0.03198717558189114,151.72815523279195,13.0430372335478,373,4,8,53.87729957601102,965.7843580003058
2025-04-01 12:00:00,64.24202471887338,3.881824448536139,0.012871700822237339,93.8319659475559,10.063352283779498,399,4,8,198.51308684491568,570.0063652932956
2025-04-01 12:05:00,51.84434736772664,2.229797272202897,0.012037170179095594,103.29180261066435,12.231240502941738,34,2,0,98.37458275350406,597.8590355230808
2025-04-01 12:10:00,80.47821669899484,5.238363064327521,0.015854485765927934,167.9569229342964,11.51784552237386,400,4,0,176.4434342352673,947.4409349086368
2025-04-01 12:15:00,75.13395116144308,2.9612944670843127,0.02647667818218783,99.60505619009453,12.026199999634189,200,4,9,77.04431910451706,929.0324238326498
2025-04-01 12:20:00,52.57393756249947,6.085172502950205,0.026857955025142162,84.83241023108398,12.251320948858412,248,2,4,59.43473864102888,895.7007585103761
2025-04-01 12:25:00,63.93232321183057,3.963108692688107,0.012411008066092343,152.95424583656305,11.253470777829113,98,0,0,106.75331360940314,188.1952678267417
2025-04-01 12:30:00,95.41329429833269,0.8388638624336988,0.005244488034251485,120.47284639293534,11.180435440737142,307,2,3,178.83880827960394,670.8676694682973
2025-04-01 12:35:00,61.978094533348624,4.2216926664513075,0.024897503856672717,176.36432567495757,12.933607397339623,476,0,0,83.12373738167241,827.2890824441606
2025-04-01 12:40:00,57.24474360456115,2.0620381510108214,0.005052202026957877,147.22754767811543,13.48510795248463,486,4,1,73.09359886277633,852.0172206193854
2025-04-01 12:45:00,74.47263801387815,4.284128883667167,0.022775307898239547,86.76524960149936,10.770326529834112,465,0,1,186.47064934252856,620.1164282517065
2025-04-01 12:50:00,99.28252270553003,0.4905396997607399,0.02730009852378969,179.36850926339537,10.390475042140595,139,4,3,190.75058039321885,115.7459927375522
2025-04-01 12:55:00,62.10276357557502,1.1379330096446845,0.0275831446741992,104.92418447314655,13.591183225568104,82,0,7,51.88222987833634,976.3416114775615
2025-04-01 13:00:00,83.60677737029393,5.326267231405119,0.02966427234387939,113.41894896387888,11.399581854589595,47,0,1,159.11536061232226,524.9770324823093
2025-04-01 13:05:00,88.08098076643589,1.4596487064198589,0.03436456271298237,120.44412467782254,12.205269562651257,277,2,8,96.381160479399,454.2363057462384
2025-04-01 13:10:00,61.881877199619986,5.211256602229976,0.019683435509552916,82.53222401166583,11.438172578080014,378,0,8,106.20565549507845,455.45384230953675
2025-04-01 13:15:00,86.41081743059297,1.780124317354154,0.028749983616698168,130.62366560090533,10.503209345384205,247,4,1,120.36544624272348,481.7357920524399
2025-04-01 13:20:00,68.38915663596266,4.016872035817383,0.024376892508626527,90.31839703613157,12.357326579790913,382,2,0,114.01864552617792,317.96264635547766
2025-04-01 13:25:00,81.61529152967897,4.332254956522535,0.007348033093828742,120.30479528234198,12.100563407078518,176,0,9,127.24606774731578,394.6002631748468
2025-04-01 13:30:00,81.67648553804473,3.2157701865032973,0.0010114038874730865,114.8766571031451,10.811974236764788,51,2,9,137.35425736100245,986.8218487972653
2025-04-01 13:35:00,76.78873420373793,1.9402779848482739,0.01120242280823945,160.46672901006235,11.807476178609111,78,3,8,119.83932572568864,431.3512002304848
2025-04-01 13:40:00,54.51448850272041,1.3702344830218354,0.01744228132188271,163.74241525633497,13.187790016062584,384,2,1,155.23453107342763,574.0525148264101
2025-04-01 13:45:00,91.7651247794619,0.2663038340947125,0.02429552274275064,93.56859129802152,12.361704412431566,321,3,7,157.79024942632128,863.4648393776966
2025-04-01 13:50:00,66.0390032485868,1.9318855449249632,0.03346298383784425,116.58752823695643,10.387669308267979,63,3,2,116.05387961392927,574.6850299979772
2025-04-01 13:55:00,59.32592551999271,4.080115621520617,0.007726213491293411,117.32214139143782,12.19208598891654,7,2,0,71.36947221306629,392.00807945635086
2025-04-01 14:00:00,52.0387570777382,5.8341875931071066,0.004942907783282033,93.35232794509719,12.810953197158348,213,4,0,146.09583819801838,571.3758792266772
2025-04-01 14:05:00,79.5446471594121,5.421414983447922,0.03793230188005902,163.23297854552857,13.170813623123006,24,4,9,165.94350685260633,202.6776793951877
2025-04-01 14:10:00,83.87821809211411,4.774640418979123,0.004253725107105085,153.38065946022573,12.516470314537067,449,4,1,145.71642818059246,217.00625970949284
2025-04-01 14:15:00,50.829391446392805,4.91232840983399,0.018838241279227046,97.56123292007975,10.610632658163135,255,1,6,138.20821487702233,724.696779007602
2025-04-01 14:20:00,75.60465291496405,4.152840211132048,0.02305370255896517,116.60596612813029,12.840693066360643,242,3,5,84.41179868519094,925.7145915337711
2025-04-01 14:25:00,61.3247887598969,1.663310679229184,0.021313965088567935,88.42694268450353,12.709367384326065,456,2,1,146.77055612288873,753.1103201396664
2025-04-01 14:30:00,82.25863952047249,5.64281346590465,0.003387094625602677,144.84631248604873,10.097707531762532,456,4,3,100.2284321864318,167.15191659162147
2025-04-01 14:35:00,58.718321450249576,4.188195813074276,0.0022451553070138948,90.10816785125091,11.646990670360973,460,4,1,187.93382942199275,462.60604992790513
2025-04-01 14:40:00,84.5468869051233,3.5097284975981746,0.00415289308748372,183.48089021149113,11.331800987849494,197,2,0,148.05801391399712,102.29822944125736
2025-04-01 14:45:00,69.33676731502686,0.7448969109990345,0.023054645672833142,161.31366406628914,12.677648257014575,93,3,2,91.7269515062454,560.0860689930696
2025-04-01 14:50:00,96.83649943683673,2.8122318680743694,0.021430912660651984,119.14576335507147,10.864543249243683,206,2,3,120.93903640458952,273.88403639366624
2025-04-01 14:55:00,56.87604720729966,2.8940645654166204,0.009202398356565824,139.4849046861703,12.363487691897035,434,1,9,176.98719138275666,881.331983855791
2025-04-01 15:00:00,67.05331755251292,5.380563170665839,0.025109231741875123,175.42491615137214,13.65282384725669,436,1,4,100.31959267739713,193.90154758217415
2025-04-01 15:05:00,55.67367606202946,3.4248834771404324,0.03228613956268112,136.8427222827492,13.191209488834431,14,2,4,128.81608552285718,101.29005878232736
2025-04-01 15:10:00,96.23468091392814,2.402198808191495,0.0016369678070563812,95.84583653097916,13.685830944866122,177,3,6,151.9504959877284,506.03143880238434
2025-04-01 15:15:00,93.86696766904905,6.07099552957727,0.019611425690480782,117.89996240276521,13.91402386773076,454,4,9,163.17940082401125,239.88997353316526
2025-04-01 15:20:00,62.89708138575778,0.7432429013780845,0.027138219855524125,168.05964542321252,10.04268050802465,377,1,7,76.08382625971173,764.1877440476455
2025-04-01 15:25:00,82.99920230170895,2.6614745605413512,0.009933545799926287,146.57500572687871,12.490965105509911,74,1,8,134.77284570159335,927.9412586032555
2025-04-01 15:30:00,90.8611100100608,0.32065495291571966,0.01211697131848181,147.27823350805042,11.651357591035627,103,3,6,186.8299850744302,137.74421287231044
2025-04-01 15:35:00,77.76004057997312,4.613711237908176,0.02415898560448234,170.61672045435685,13.439417961340487,293,1,4,195.25396722645408,456.023900724487
2025-04-01 15:40:00,76.48252891780032,5.7097519386337305,0.03535180229640927,173.54909020595048,11.007258808036527,167,1,8,148.42175638390376,997.1334784638548
2025-04-01 15:45:00,62.092614545022585,1.7848071474511602,0.03188680541976718,176.3375977521791,13.924117956460304,449,3,7,197.54912062399785,759.4047730006017
2025-04-01 15:50:00,54.65513839029496,5.342288497938031,0.02295789503897251,87.24371287134086,12.45483187817499,114,2,9,135.6102873464211,957.8688793352264
2025-04-01 15:55:00,94.86078789766634,1.8597388473953649,0.028748902050274677,135.7656082120149,13.174149608915323,495,4,8,116.39075446714,247.67495669454001
2025-04-01 16:00:00,95.02090285816652,5.664806144497328,0.014363097134328054,156.9750282915784,10.342398211291073,38,4,9,132.73811884223687,299.23170354275817
2025-04-01 16:05:00,81.65507286366339,4.700188713798389,0.0252348769378009,158.7480992737175,10.73383153903546,457,1,7,67.35685913952831,239.33011653714334
2025-04-01 16:10:00,66.95148955243504,5.0135798154441416,0.01835361586085103,142.52534981276042,13.033614692136812,363,4,5,110.25738795280816,372.13213039834443
2025-04-01 16:15:00,67.46047873063304,0.17290573945409915,0.007477804685947819,95.01303219983681,10.087946088157295,272,2,3,118.7607579545793,751.9456614961467
2025-04-01 16:20:00,86.29778394351197,5.984935200415901,0.027627506016375,163.12141982569977,13.267511943575132,134,1,8,177.2941698081467,248.4519946823694
2025-04-01 16:25:00,94.85551299762886,4.532306682035915,0.021908068418886855,154.77202401961415,10.055796074767645,373,4,8,163.7972889113671,571.8106340949596
2025-04-01 16:30:00,94.35432121325587,1.936835679622653,0.014118967543671089,86.30266332729592,12.628475356245094,231,0,9,140.2139877837201,342.28892720295823
2025-04-01 16:35:00,88.99377729288119,5.164218843750266,0.0358795150473147,127.09146106483264,11.460375680927223,38,0,9,102.09158523144049,846.2762012232238
2025-04-01 16:40:00,82.10158230771438,1.7939352749448063,0.0008241783122502714,95.7895591483548,12.445979410876797,451,0,8,78.05518785389856,105.93316480504511
2025-04-01 16:45:00,54.206998249752445,5.430945967845941,0.012432020542007783,113.44752093700096,12.784125627956454,290,0,9,102.1647531371942,300.80346268480014
2025-04-01 16:50:00,58.08143570473069,0.7546835787294917,0.0022394263186457227,78.95275795821402,11.369900876745216,306,0,2,151.97061064386978,644.7166818149637
2025-04-01 16:55:00,94.92770942635397,4.390912689057842,0.03017825709237708,120.23562578836189,10.431849792443343,46,1,2,89.45566986275497,187.0394517764583
2025-04-01 17:00:00,80.3214529829795,3.388283196000113,0.027642040679205424,136.38670748487073,10.278583470993063,35,3,5,114.03300435637489,519.6809943513906
2025-04-01 17:05:00,50.45985258083148,0.6559759307701314,0.013045369986870675,143.9149200253254,12.355744090250191,319,3,5,108.0155352322523,492.5865668341327
2025-04-01 17:10:00,55.073577143301605,1.5501646185943283,0.026600916026182683,148.6569572739007,12.082621414936446,94,1,5,164.83850956865905,867.2707061395872
2025-04-01 17:15:00,83.1750884554028,0.13844143341414655,0.015588088189057164,167.31946181506567,12.96880403648453,472,1,4,182.56805933902166,662.857473850132
2025-04-01 17:20:00,50.253079192310935,2.94579741273959,0.02977378739368038,100.26999398577884,12.038942040015748,360,2,4,154.90564352164654,675.7318559431924
2025-04-01 17:25:00,58.04040257087493,1.915392313802652,0.01788125622031039,90.01203682335453,11.689783160123516,12,3,1,101.24033913995513,956.6268416102494
2025-04-01 17:30:00,77.4366894683293,3.7429767849182687,0.016231494112705455,168.96601456497598,11.592348712944924,145,0,6,114.97655734638309,984.1243377910375
2025-04-01 17:35:00,84.59475988463467,1.8906171427557408,0.036800410245765955,93.91418400840618,10.10578761039067,404,1,3,71.50252310805821,688.0552589375548
2025-04-01 17:40:00,82.59806297513003,1.9071113785384453,0.009877135250606857,182.2740887843091,11.342228806786629,367,0,2,75.21461716499148,569.8013051368489
2025-04-01 17:45:00,61.21346547302799,4.633944240781646,0.004742023820398781,167.9941287750528,13.904080630097976,64,3,7,74.64388512897725,647.1280526183918
2025-04-01 17:50:00,85.6089610673768,0.35829126513358406,0.023013520823336193,131.0946734360767,13.494222304908355,227,4,3,69.58795363419654,444.19933454874433
2025-04-01 17:55:00,61.862454374840006,5.616361483968659,0.03816229668180935,182.99351389157874,11.31751226813687,241,4,3,76.93718427636952,988.7109552640696
2025-04-01 18:00:00,66.26998490796339,5.304900453353796,0.01487556762836071,87.51668674366445,12.35118162026549,7,1,7,80.40323038675365,734.5191335471729
2025-04-01 18:05:00,87.32457025590121,4.170186291828647,0.002442393587741491,109.73110220691098,13.389186982141975,499,2,0,66.77689156964493,361.9061149412482
2025-04-01 18:10:00,82.48164495236074,3.7113828343680355,0.0133584823045044,145.92823682438603,11.765097347000275,303,0,8,146.03910828263406,151.98966907486158
2025-04-01 18:15:00,92.4611705247089,5.551200966158185,0.019918579823726447,114.8007417951033,10.071831455000604,340,1,6,198.56023018732995,140.24973623677104
2025-04-01 18:20:00,82.88064461501716,1.2022092099409747,0.006374924963410917,177.26423561392554,10.298041847274561,42,2,1,181.87801169783842,284.42168247388526
2025-04-01 18:25:00,78.41543016677358,0.5479216580688059,0.025909550135105895,84.08761752320429,12.041570885394826,243,0,5,56.84040857391293,309.62174882780045
2025-04-01 18:30:00,54.683738391404624,1.53550137048991,0.0392814932202705,136.33647786258416,13.877757502703513,180,3,7,113.45882137950872,473.5409445585102
2025-04-01 18:35:00,68.38579015297168,4.950043306180738,0.01778502834333704,140.8135568786724,12.77283816887547,84,4,4,178.89658688491585,293.36141047262845
2025-04-01 18:40:00,63.26011838408627,0.2754137732304065,0.013965698751324144,147.49463736794021,10.283664765754278,154,2,5,70.20122269879947,667.8193877755701
2025-04-01 18:45:00,62.19948216895418,3.647315832634364,0.015775763118689633,104.61195211983595,10.757443503167451,274,0,9,177.1467719978064,290.1292577295236
2025-04-01 18:50:00,98.65052773762227,6.185643548245773,0.004533316558036908,116.37317417214535,13.0852925728674,22,1,7,138.9050956756849,269.08888504703134
2025-04-01 18:55:00,69.65488623333802,5.326014001486864,0.03477457001551057,168.11749720381758,13.36575903982498,114,0,5,189.69478288941679,524.113293520333
2025-04-01 19:00:00,94.60232775885567,3.2698482695423716,0.01633172754044118,98.05381904877727,12.470778344754363,305,1,8,181.40586713966377,899.801739391437
2025-04-01 19:05:00,81.55693129986315,0.4536287928990674,0.015247032305237143,166.3017274947231,12.577692678519266,434,4,8,151.55514830880765,521.4749386407708
2025-04-01 19:10:00,89.74056517708243,5.1763918808728935,0.025972072014300067,137.76678567349617,10.113349801533538,298,4,8,148.67339898090432,472.46387011495034
2025-04-01 19:15:00,75.1318546552596,3.7467970585853565,0.017402899985400424,159.31625120896086,13.314121038326034,98,0,5,81.97463035878621,620.285416713738
2025-04-01 19:20:00,78.84519423131795,0.7691558100274111,0.025521016490311778,154.0695955564549,13.153100832683318,103,0,8,67.51294507370127,331.49231087646564
2025-04-01 19:25:00,74.6258846909432,0.6395070297869394,0.002419146587078117,99.41124150156693,11.036140576413388,371,1,2,112.30901449531976,418.092899041391
2025-04-01 19:30:00,59.76214938990223,5.657772791559335,0.03203636941467847,138.43177553485828,12.834706879862027,50,1,4,77.98700592396871,292.45173010041754
2025-04-01 19:35:00,86.12260576307526,4.178771302162757,0.037027734675257364,170.71410050294998,10.859418425699992,361,2,1,65.36250765166385,614.6289951469153
2025-04-01 19:40:00,64.03861812204279,5.163555301004692,0.02554195812963364,123.66855357460837,10.161320644206052,111,2,7,95.34900999093402,727.6488054122938
2025-04-01 19:45:00,51.21579832157269,5.469239882648198,0.037581356075764266,181.3918031841182,10.804546170361508,452,2,3,179.07349141949726,706.3287768915146
2025-04-01 19:50:00,82.27361479535838,3.5794364058297186,0.005961905359976892,125.83923081098555,10.714515507017198,243,0,5,52.57222310275419,329.3360361682856
2025-04-01 19:55:00,58.85553397035245,3.2452460546601793,0.018795923121460473,92.42084876013155,11.35099198693939,168,2,5,93.89565225832635,801.6833851731703
2025-04-01 20:00:00,97.02292921764572,2.7099426927477834,0.023693191296105653,119.05894544838871,11.673797988701832,71,0,4,113.60782778217384,330.3582987249372
2025-04-01 20:05:00,97.69642885012937,2.0118571402033205,0.022903029982636863,179.783859890178,12.034155565990831,138,4,0,126.58546244229298,235.28039614098668
2025-04-01 20:10:00,95.74321951102243,2.7355858352679117,0.01580559038891354,111.52985172870426,11.907015502033312,335,3,6,77.23662625744839,414.8278738184749
2025-04-01 20:15:00,68.50793501277222,4.82271421805096,0.013310417005190646,170.75460126564275,11.082698423861157,230,4,9,194.63302997570466,637.9696802537946
2025-04-01 20:20:00,50.77283082644337,3.764912966107703,0.0049930744502122435,172.17507362164412,10.116682674296298,238,0,7,136.83095653582842,227.8016369239582
2025-04-01 20:25:00,96.41592812938626,5.552559183105074,0.015422939452881947,114.8201446278518,12.420406488948602,471,0,0,128.3165820585566,683.2784008976106
2025-04-01 20:30:00,71.40920741586572,2.7896215808566214,0.00640397255678446,85.99182706946826,11.582979319389418,252,3,9,51.32338833955117,876.7611966281419
2025-04-01 20:35:00,98.33274095218349,3.7966929003187038,0.028912050120066285,155.25225418915238,11.1946886295502,468,1,6,122.85730690940106,363.82645923226346
2025-04-01 20:40:00,98.18099885446264,3.9456715351659892,0.008221694813515557,110.64332829351049,13.467764171322049,435,1,3,175.65059441827762,505.18595450360755
2025-04-01 20:45:00,92.650472773368,3.7020053286504933,0.0023057219255826263,161.55575033981782,12.98697323119264,406,1,5,82.9466814576864,305.4793830626603
2025-04-01 20:50:00,64.72244460347929,4.384439977137611,0.021746710082478294,124.80672361212677,13.431062193489769,48,2,8,102.68113525796196,425.1355561633554
2025-04-01 20:55:00,69.25488643009626,1.5227263896074654,0.023434254100136113,129.40880817300314,11.979931178849844,421,1,4,53.08571970315433,119.77351372225667
2025-04-01 21:00:00,92.55683357584284,3.213980228892314,0.03432730441391963,161.014215928842,10.52372500850711,302,2,7,196.5391271350693,958.3924565915444
2025-04-01 21:05:00,65.84610025781389,0.7032835724636755,0.022715823779045376,118.29523975465581,12.78488574448509,71,2,4,59.99776956920612,474.3011918909756
2025-04-01 21:10:00,58.474637334304624,2.4274865628828497,0.01360161575917743,124.85775329487477,10.824295119748701,262,1,1,184.73316858643543,809.9830988362722
2025-04-01 21:15:00,77.84006312291751,3.0620566235530107,0.03161465807687939,117.62857062711919,11.764918676366868,321,1,3,96.9481571270682,228.37909362085867
2025-04-01 21:20:00,96.80773870803904,4.074342179742494,0.021270834052678086,116.67277564994623,10.260003155795554,221,3,1,138.13346029788178,831.1195396903589
2025-04-01 21:25:00,84.80148983374865,5.909398163697764,0.003121272733958482,133.80223030535763,13.30123360969193,76,3,6,151.8973309949005,874.1325798659809
2025-04-01 21:30:00,78.50305850446824,3.7570859233349627,0.02227759314458855,164.3503400061243,10.503762564190001,61,2,6,71.12437511466717,743.9294158189113
2025-04-01 21:35:00,54.85882468853843,4.636409283356596,0.03574878093510539,116.07097768763711,13.61239002819724,470,3,2,116.56390666705032,912.8874924850649
2025-04-01 21:40:00,80.75036133495848,3.1764696717804766,0.015602867697127492,133.61950981807556,13.456922409046228,156,2,6,98.81991503699635,250.47741652132274
2025-04-01 21:45:00,99.50269250521316,3.9628742751953894,0.011666376453375317,149.4385511478009,11.858331057756985,293,0,0,58.4903698408198,528.8336459097579
2025-04-01 21:50:00,57.0042007618262,0.4984817985054634,0.005648406869745151,106.09946020079474,12.977472817215963,124,2,0,174.9790481589771,658.0985788145415
2025-04-01 21:55:00,75.91648261818683,1.6270454546948652,0.005962425343147211,106.97246292945839,12.477780295272613,228,2,8,56.77516347462166,636.5736736277386
2025-04-01 22:00:00,93.86865359639776,2.2881027819419053,0.017038256615685844,177.80861771853313,13.21230256935098,339,3,5,147.98869392258,874.9368410736683
2025-04-01 22:05:00,87.03843088771022,2.968714418088148,0.023451974245221833,155.14173391975757,11.727220403143647,160,0,4,97.11160646297705,294.1222311755971
2025-04-01 22:10:00,84.8507870497634,0.3429486857514607,0.0031738365630677376,139.33616103211733,13.1432339369774,28,4,5,78.81939908028,258.0794492849798
2025-04-01 22:15:00,85.12420419935546,0.9235055438559454,0.036990909306779673,146.9537658774261,11.849827268260592,113,4,5,150.0629077003318,328.0407353721563
2025-04-01 22:20:00,67.97455756098776,1.7649804941412555,0.029729686032179105,80.16433985516917,13.763863151371176,78,4,0,136.18065717893086,902.3950444715837
2025-04-01 22:25:00,64.67959221322467,6.038591272810979,0.023095442325219626,143.75512028066325,11.94548840330059,22,0,4,97.28843860622447,946.9243743918173
2025-04-01 22:30:00,90.46805777392568,2.1004423693912346,0.03261571331873516,132.0269583082138,11.850477087734918,105,1,8,126.94411223888588,612.6670938429976
2025-04-01 22:35:00,90.50566973395904,3.027447809769612,0.0031569606343685814,135.94096541617904,13.140287446254051,130,0,3,86.93556518093142,551.2347411134679
2025-04-01 22:40:00,93.35361592900519,1.2684464754334828,0.01877319430024088,115.81777329772825,13.286310767043352,356,3,2,179.55446885040382,644.8470472113908
2025-04-01 22:45:00,95.66202762782356,3.81939523308977,0.024806829413856372,85.79918095299772,12.217956457284682,476,2,0,97.07281704907425,654.6768848620246
2025-04-01 22:50:00,75.56711994304689,1.7887803620529272,0.03262414777916766,97.88063723010164,10.719191253980302,172,2,1,86.7729544327297,253.27423444914623
2025-04-01 22:55:00,75.07581473435998,1.3354670360229506,0.030845274926095675,179.68042902696857,11.871032923830318,263,3,2,162.77505665894768,717.7697934608173
2025-04-01 23:00:00,89.91475894833876,3.239871282030054,0.010908244068141514,121.13955272526087,13.872290011638714,341,3,3,52.638873199087236,507.115992113583
2025-04-01 23:05:00,82.49819653888827,0.09600642490808749,0.03704254636356283,127.40178082973333,13.01194477215674,372,2,6,90.20175981291129,565.6437629632406
2025-04-01 23:10:00,85.09834386288517,0.10928295554968974,0.004895508211717509,82.6926573041714,13.244650415516528,284,1,5,106.30928309767597,127.28494390163993
2025-04-01 23:15:00,89.78963347180505,1.4097548493062617,0.03445409807847662,81.05715279074991,10.13130199527696,1,1,7,182.33569426870727,788.1009692779273
2025-04-01 23:20:00,94.50026709087831,0.28803123841112754,0.03822601472095879,154.45559628104982,11.87143785053664,232,1,8,192.56627038225164,851.8851651410936
2025-04-01 23:25:00,66.89975784257679,0.7266654016124242,0.00697455192462709,135.11422372508002,12.586484534630221,368,3,5,157.47169503709247,657.4793985410919
2025-04-01 23:30:00,68.7791476319972,2.1466630873486676,0.028427813154309447,131.94024629535681,13.320130734512299,250,2,6,123.87976715144896,773.8512717669963
2025-04-01 23:35:00,54.69909699204345,4.999301416431261,0.0015860449028416773,103.25744928564822,10.197094614331085,433,2,3,146.0932323586533,570.4354028548917
2025-04-01 23:40:00,78.9140070498087,3.5811360320323558,0.015961537168011044,157.43307901603163,13.409755542567492,492,2,1,112.10015775219995,656.5180410807001
2025-04-01 23:45:00,51.797113689837104,3.215849989698118,0.020326125117742344,95.16955054371712,12.193603746967646,320,0,8,94.82387477730018,455.11452861691475
2025-04-01 23:50:00,73.27990090662301,1.8675549912999723,0.022860060608584882,97.51295231539017,10.78925588230424,107,0,8,192.60321022094428,812.6868385562614
2025-04-01 23:55:00,77.13223173537884,5.793888029937117,0.03684794305727061,126.75691450561376,11.269020865798801,275,4,3,67.30853435148856,521.4438372380434
2025-04-02 00:00:00,64.32706260641422,2.5044040685670907,0.02646657678384117,107.91822510808962,11.127718207006243,179,0,2,101.95903520751635,712.1916139769943
2025-04-02 00:05:00,79.54166302845053,0.5978946040068878,0.01894796106729648,103.7260019731798,12.123436137153902,212,1,9,184.86334399408898,659.2864407575541
2025-04-02 00:10:00,51.52501249695247,3.8580667580476797,0.03187698714529169,146.68566561175982,10.206742719644527,292,1,5,158.47121458811253,732.0830665471748
2025-04-02 00:15:00,51.86740943746072,0.762422276290198,0.037422572214257176,147.3049484836028,10.634144633999695,71,1,2,54.365217698446486,806.6942876127009
2025-04-02 00:20:00,91.13002803298292,2.1858024297117193,0.0008687464802366587,166.04784353839236,13.25077217350313,282,1,0,53.46495101363707,561.4421334336956
2025-04-02 00:25:00,68.00953207056314,3.183518631352934,0.03868196074084747,122.1125252330814,10.530415962987245,174,4,3,127.47686939368619,831.7593543301018
2025-04-02 00:30:00,56.35302563259424,5.4399806914229085,0.003391030928151001,84.89318983082423,10.933585077832507,122,1,0,122.63795843450325,547.5315135444481
2025-04-02 00:35:00,76.11216300274022,3.0982248685079465,0.03206248893848906,106.55596957151744,11.81348242241663,226,3,1,116.44873079844774,960.9708905775431
2025-04-02 00:40:00,88.49967765493054,4.382133093907826,0.011036807241424364,182.84059002525623,12.068483552453323,389,3,2,95.35156427585133,777.4045737533148
2025-04-02 00:45:00,60.791051374842155,6.169522261450345,0.005203926343735706,141.3959261251318,13.054441918456634,443,3,7,197.99580797204587,254.02748477145775
2025-04-02 00:50:00,81.14452379095002,0.8710020066092746,0.01731716052109765,153.6516051585102,11.789329706664752,300,0,9,90.79809844750721,846.6260242270881
2025-04-02 00:55:00,54.2673732496884,1.7521681071615347,0.02535263492851049,77.79464559954476,13.159458484142155,427,2,3,123.50603096608428,596.4288947259707
2025-04-02 01:00:00,52.58408605843039,2.4894005936348327,0.014998112233758713,132.96621907571225,12.47338522818183,82,4,3,110.73396452345995,986.0148621764788
2025-04-02 01:05:00,76.5677315784074,2.6570438915558365,0.002148245580630686,81.05309501343473,10.45239895769529,252,3,9,75.5374138942613,746.9371393061746
2025-04-02 01:10:00,77.03175608050532,2.5905632079323917,0.023600845014477637,138.47686290587637,10.625325753571355,145,3,8,80.39282286879178,175.95167191317196
2025-04-02 01:15:00,81.87149507491033,5.645372347068735,0.03552770722080487,176.44325176069614,11.748134901799084,119,1,6,187.74541130146594,455.4643848493139
2025-04-02 01:20:00,86.30456668613309,4.454560965417649,0.015087227278879893,181.58926609404404,11.587557572356157,64,3,1,178.74195842839327,565.5478624059399
2025-04-02 01:25:00,98.79260397312673,3.8017103407690715,0.008517043088603423,135.3796889420038,12.974177078549179,280,1,2,79.85664587305286,855.1122428438217
2025-04-02 01:30:00,75.81501741505977,1.9652659272040363,0.017424314367109534,126.48611896723932,12.322948559189408,282,1,3,181.34939358642703,756.4109808967954
2025-04-02 01:35:00,66.1478236470623,5.129743702856304,0.0019040447702616077,179.06184617883736,11.552532324008997,390,2,3,81.37791951212638,432.424063550475
2025-04-02 01:40:00,89.75930973843518,5.9372614603111975,0.03230267824974686,149.74986185564308,10.683041133801542,427,0,9,143.98194826215456,688.0894187523661
2025-04-02 01:45:00,63.54161256310371,5.113798200462516,0.032533120361189945,84.00912219014822,10.907348409301981,105,1,7,62.19207849810407,619.2198171085414
2025-04-02 01:50:00,71.9485710352818,0.07176495868151403,0.023149637045270812,127.29836238808973,12.302004073876237,412,1,9,182.05544393886774,213.4473480571662
2025-04-02 01:55:00,53.922819067113295,3.977006522343115,0.013901696047793287,102.94646199414483,11.69375521959917,478,2,9,57.72504491982004,311.3728236987405
2025-04-02 02:00:00,51.267537170772876,0.37670012671038977,0.03148755103656693,127.73886671645762,12.059710035442688,299,1,5,133.2414333876705,407.01008144288295
2025-04-02 02:05:00,98.13242073389625,1.6468266954492523,0.021838083634620493,126.19028177668706,10.682709741208935,106,4,2,166.95672877705775,275.9350657271526
2025-04-02 02:10:00,91.79900602561028,0.42830763353997287,0.03251703758084499,139.87163870399212,12.651625009378263,35,0,8,67.52521046160219,235.12046124702297
2025-04-02 02:15:00,84.7987103046849,3.7764288455066786,0.02486059580987278,115.53121295771913,13.410154963423867,146,4,9,110.67204012502827,152.37799311725834
2025-04-02 02:20:00,70.44764722071349,4.285745005254465,0.03088212192093515,94.74120854124023,11.031758027147603,261,3,7,56.29252272350752,885.792309048037
2025-04-02 02:25:00,58.66471600354229,0.7664161517112303,0.02356548489928253,131.40169893571527,11.966056903327306,408,0,8,152.4128866009939,360.0490761683683
2025-04-02 02:30:00,57.8218521335543,2.423349970905765,0.0163047752697576,166.6619115093423,13.902109316083607,158,3,4,96.11743924420279,361.28854354020956
2025-04-02 02:35:00,62.512144908229764,2.8687092444815194,0.03771442429987803,148.7133206313011,11.33296696220291,264,1,2,133.9092866957705,285.6053236871399
2025-04-02 02:40:00,77.46133323530603,2.332393667327565,0.021303705396862604,113.5437295199233,12.380185379695044,467,2,3,189.90984056305425,527.8576346774946
2025-04-02 02:45:00,85.72979613500311,0.8066312132072004,0.02382243485389285,178.03648645795658,10.360782800800978,201,4,4,95.87871619922635,562.8177711301352
2025-04-02 02:50:00,83.00986883588656,2.6393249726321595,0.008680620412522618,175.51841769491165,12.424060009917772,420,3,8,57.29412074529166,287.453222762572
2025-04-02 02:55:00,63.99669484729714,4.683063621973169,0.024631934144830815,99.60962713348268,10.358527093218472,154,1,8,151.34416515480507,647.7133040772856
2025-04-02 03:00:00,97.7432640331597,0.4989459248350655,0.022504250320908446,81.2570991929992,13.836941741295288,12,4,2,168.02617017712512,750.6999636343742
2025-04-02 03:05:00,86.89484583478843,0.5553703017478556,0.007277106211014166,157.0613405018823,12.862650608289245,296,4,6,193.6802839816364,436.45607736890673
2025-04-02 03:10:00,77.71770262557004,2.244538564556232,0.0023459499815030034,166.38190822570854,13.152639152542825,383,3,5,73.67013155384987,626.9065271716948
2025-04-02 03:15:00,80.5860373117176,5.855231466828195,0.023793686853102507,181.5293731227464,12.816417443086547,321,1,3,108.82098876742248,552.0717146480017
2025-04-02 03:20:00,70.9800031213895,4.174910475261952,0.030066641013549052,173.10233056153754,12.358916144305862,497,2,4,176.62106900382122,275.99355852049194
2025-04-02 03:25:00,62.386549475057876,4.237024813511123,0.020606364313336557,141.85775496629282,11.799651124342022,84,3,9,171.0307089903319,757.00988989712
2025-04-02 03:30:00,67.79863393256308,2.2885143076064587,0.008928060936096983,134.24565263493713,13.43349351904425,480,4,1,143.71935610007938,821.3077250416426
2025-04-02 03:35:00,87.89230552321845,3.7140847349910033,0.026241036874602452,80.00683353635932,13.827342670172252,279,4,6,90.4052817804041,683.9138040284508
2025-04-02 03:40:00,50.719674431487796,0.12445981710997903,0.0031537704671927014,103.638896259236,11.996144691616326,244,0,3,92.60529359761664,391.50642499394615
2025-04-02 03:45:00,55.80363202534581,3.9751283008900824,0.01739503714142343,126.63839318715605,13.726140196621047,299,1,1,68.60044919362139,934.1132449683711
2025-04-02 03:50:00,52.30013210108764,5.680288336633699,0.006431765614821642,144.87842120902533,12.33333163995407,361,0,5,188.27805106788645,509.8225491956119
2025-04-02 03:55:00,52.03644011594851,3.8304274471289976,0.0072621712861327134,137.18319799838835,12.153536747585733,353,2,1,75.9397271959168,339.2906368465881
2025-04-02 04:00:00,92.77302920055035,5.436757690335685,0.007964333007753392,157.20468688562258,11.817930931821426,315,3,9,135.93299017698598,467.4111587397608
2025-04-02 04:05:00,85.18289296900119,4.51571012833542,0.015224695506527114,107.21482853580042,10.837151046120479,8,4,1,137.65271254731692,722.8675827173888
2025-04-02 04:10:00,73.70869145436626,0.8037609872158565,0.0020137887102956165,138.01488162646712,10.014878643272237,385,1,6,105.44081617929032,861.3386070933243
2025-04-02 04:15:00,54.89170803255007,5.613644408614956,0.01566116754872269,86.51936228620555,10.966024907424245,246,4,0,102.87776915081827,420.91794935458535
2025-04-02 04:20:00,74.58079375584163,0.47087125231080273,0.020145973363650482,121.67587654698636,12.038892686414261,311,0,6,150.28826278374197,309.3620014084372
2025-04-02 04:25:00,73.67358853902829,3.3468769336063176,0.019027344328552718,158.01736995909692,11.51983980903901,413,0,9,108.24466669228086,663.8438186516844
2025-04-02 04:30:00,58.66009349550076,0.9365039788117794,0.015070248311277746,151.88729217033676,11.793940912010536,277,3,4,88.26730900070011,929.093590095657
2025-04-02 04:35:00,71.69258246189865,0.13415116932307863,0.03303728587440633,183.98941561459532,13.922592878256198,237,1,0,109.86975536000463,264.9640272034794
2025-04-02 04:40:00,69.92523671986868,2.6583116174727346,0.005721526413264489,107.01224160667765,11.40108948267731,202,1,5,171.1493116498319,822.7174440694299
2025-04-02 04:45:00,80.79250490261083,1.87710152160213,0.01990933137234707,130.80444431078973,11.808731757440432,246,3,6,194.97176826967782,528.9464633387357
2025-04-02 04:50:00,81.75468254338219,3.0518045670319527,0.002442576789721238,112.58928468759164,10.534062205411278,234,0,0,145.3925345680767,819.5612535658826
2025-04-02 04:55:00,52.265200488602225,3.6128242811193325,0.0028014061929911944,124.58513631839088,10.191830929747951,80,0,8,167.31518382261595,554.9870347959618
2025-04-02 05:00:00,68.73063073132356,0.331201191886861,0.022593155888372247,169.55061402589394,13.101638058369979,355,0,6,129.92372919689154,439.59499687199735
2025-04-02 05:05:00,81.29299578571182,0.8188008368939359,0.022284201989675997,150.89458012035655,12.282732700287914,12,4,0,143.72347131401568,727.0669001886857
2025-04-02 05:10:00,75.15681292900439,3.4986665267954926,0.03456826720403755,172.30364866553884,13.042819224175581,326,2,2,198.21299851048397,910.5645651354076
2025-04-02 05:15:00,92.82449205941612,2.1731560899416533,0.021963542398104646,98.97919969984375,10.599451195546207,15,0,4,115.76282970528672,388.226557333163
2025-04-02 05:20:00,82.93468158094726,4.547700965407672,0.037787068452440994,171.3230007268753,12.287315084730764,480,2,3,59.93820454312999,514.6733214949347
2025-04-02 05:25:00,58.14672135407149,4.074756728374499,0.001917121050990075,83.45432561126552,11.014569897365503,44,2,1,193.5510376729032,306.46056402687026
2025-04-02 05:30:00,53.52843737002149,5.263933983490474,0.003858572350586254,172.96872228721247,10.91224726760008,320,1,0,168.95925813553214,265.0685172556157
2025-04-02 05:35:00,82.12096391031578,4.322057205982803,0.0017348773766120724,112.53996818175861,10.046104056211941,138,3,3,109.7465551795357,800.1011281529576
2025-04-02 05:40:00,51.32556552708109,2.706889464541038,0.0072943681253165036,110.97546440871918,10.521362894276287,325,4,6,197.3592580434153,280.59770501959815
2025-04-02 05:45:00,79.28877906367316,4.201940336926123,0.02130985839478496,132.3055662834557,11.23707244599878,147,2,3,101.83036255229393,813.9863542010049
2025-04-02 05:50:00,97.01151207124788,1.7561644687198104,0.025416241340015983,178.59454027410902,10.467515042363756,354,4,8,105.81802940120431,486.29534665623805
2025-04-02 05:55:00,78.77370889379395,1.9464469179882362,0.0017946922269548853,82.16038738559178,13.94343376164375,235,1,7,141.4597029784881,995.5438510669442
2025-04-02 06:00:00,69.4084963103261,4.915636828270919,0.03724296853031023,115.04094530764048,11.234530594095803,190,0,7,91.1521079233035,277.6072763721603
2025-04-02 06:05:00,82.16441092211767,2.8083192991270782,0.03315613509526317,169.50977477780026,10.521295786809313,100,2,4,154.78572276960992,183.68019326154342
2025-04-02 06:10:00,72.91264452457582,4.973431966625469,0.01167766308377297,119.77388356303041,10.796329251311832,104,3,0,72.92754559257588,167.88976264314604
2025-04-02 06:15:00,77.28083946579675,5.1213282862114555,0.003038880783769066,98.50894494048323,12.350812913365907,473,1,8,66.20379790372303,851.8762042517807
2025-04-02 06:20:00,97.07324043882626,5.3374943364178025,0.006688471061341607,122.87777158379248,10.256174095459155,249,4,1,130.23170113462334,493.998679952509
2025-04-02 06:25:00,69.30513189003871,5.70088557598588,0.004997814263974649,118.6396701611003,13.449736520564628,395,0,5,133.32405235916016,102.81191468263447
2025-04-02 06:30:00,98.05952819119571,2.713374102810117,0.004853694719377467,175.86494975840395,13.84599871694859,445,4,9,65.99826044445359,887.2942262530024
2025-04-02 06:35:00,95.26753209780318,2.0236695782935414,0.020415825538938812,159.28891258025448,10.986989682669524,93,3,4,194.62643916967266,889.228906219274
2025-04-02 06:40:00,59.78955673946482,3.6435751319623177,0.009679038395709418,131.55248002035268,11.800381074363438,219,2,9,135.99299864106257,825.7750066169118
2025-04-02 06:45:00,53.46806504375827,2.345431321246235,0.014099996453724069,183.7440212059297,10.088537804117989,474,3,7,72.65524887453891,323.48663472235825
2025-04-02 06:50:00,55.038900068871335,3.7596886553783926,0.03895692392587411,127.24997337779972,12.562840898908886,297,4,2,96.71637864984486,435.4774480604558
2025-04-02 06:55:00,50.91109128257749,4.402599971262874,0.026941520411615714,83.28968572858972,11.655704232210356,338,4,5,170.0351320899744,770.4336026759353
2025-04-02 07:00:00,54.72214803779642,4.296910755980228,0.03736146375970715,105.32562675601837,11.080233864406223,452,3,5,128.48472917982977,540.4178128668267
2025-04-02 07:05:00,84.15033867081785,2.3662264894097405,0.005612465827309264,124.09561186368576,10.827348442466434,441,3,9,78.22225228198334,238.44391905119724
2025-04-02 07:10:00,53.55943242301145,1.0885897948585819,0.015044869338105735,93.94548340778097,12.616092310635041,132,3,2,65.42734580927072,318.51843807490513
2025-04-02 07:15:00,65.94878151468806,2.7105697111390437,0.021839846568406616,179.33703364299663,11.664868124129258,360,0,6,114.61616183562272,975.3305830764016
2025-04-02 07:20:00,92.24376554847274,0.9393153724329653,0.0030219725723658044,159.81968096431947,10.718637156119648,154,4,3,100.61220630296512,235.9118056843956
2025-04-02 07:25:00,51.163596786791295,5.537633900007062,0.00016486007437706393,105.97501764619945,12.756436325947297,27,1,4,148.38760287229601,753.4726810103697
2025-04-02 07:30:00,90.72342412944678,2.1898275141958177,0.026395066765018023,140.8068896199349,12.260289132146774,281,0,8,188.7870480426748,530.216475993585
2025-04-02 07:35:00,64.09273873867,1.012307495159849,0.02526849855842419,154.91650896783378,13.434688219717984,474,0,5,87.15954286612381,773.7414935969438
2025-04-02 07:40:00,55.90824138108281,0.21868085020192368,0.016172796528565715,178.65812432193417,10.469903595505972,115,0,9,178.28508999242678,695.0019170299538
2025-04-02 07:45:00,84.83685826820754,4.034960589693268,0.01927733623778873,172.21661771094432,13.142666407777824,304,1,3,188.06929676678007,495.2504714988934
2025-04-02 07:50:00,81.4471423389942,3.9800881360017955,0.016356032477610628,132.6407604229271,12.694067147269037,233,3,7,185.30038992048523,418.5197422147604
2025-04-02 07:55:00,93.87360067635265,2.15738846076856,0.0009450810160477587,160.66248293764588,10.46004374731239,404,4,8,192.81159949181531,778.923328920513
2025-04-02 08:00:00,86.75355219019428,0.5032780120430221,0.013203613673942117,137.71163341337916,12.779282919486883,0,2,9,176.3162933193913,390.8270856338438
2025-04-02 08:05:00,90.17404651924244,2.5819991088944576,0.0069717461032168405,136.69202012491832,11.76618915551932,347,2,4,139.02290080950053,808.9943320797116
2025-04-02 08:10:00,64.10172862856533,1.976614208637856,0.003874970167339797,89.39213150052473,13.779939142223373,239,4,1,111.47691480653629,711.8587596992068
2025-04-02 08:15:00,58.87197718898614,4.227494077424547,0.037666179154267086,90.62286706574443,10.566445402471597,57,1,5,123.7531679050657,619.902253209852
2025-04-02 08:20:00,87.53073758204292,3.78863231431551,0.023596852310882564,134.1896304224254,12.571333563262952,334,2,7,180.8918262316378,431.9207964120676
2025-04-02 08:25:00,90.3417369633632,2.304961997889953,0.02868727077602347,106.0370468577327,11.527920181851783,182,0,4,95.20975661257737,284.5732219897375
2025-04-02 08:30:00,99.52525710003366,1.4025190318667768,0.012415902108761371,79.27198546573061,13.82725868236351,336,2,0,73.88925415116415,739.3778211165975
2025-04-02 08:35:00,70.63088384557133,6.140112373628056,0.015478241802892327,155.0666340212229,11.319899581161106,25,4,7,71.12288272006927,182.21430445352283
2025-04-02 08:40:00,68.60090428963916,2.854961169506086,0.009327721332113393,80.50855244253782,13.8487436379672,467,0,8,174.04919148575004,973.4880305401838
2025-04-02 08:45:00,88.82064803709984,4.296106236593917,0.0038175481624758687,141.28989883923788,13.605943404402996,408,2,0,164.22285294951467,980.8731231539388
2025-04-02 08:50:00,67.0401770126509,0.9267589263696229,0.007048493469238898,135.23292976574996,11.081532941242624,76,4,7,124.64680115695123,217.2003543623248
2025-04-02 08:55:00,96.53786628017824,3.0492775369438907,0.03139820771472718,181.6319865824029,13.21416710730571,416,1,9,91.23071421382298,193.541790675072
2025-04-02 09:00:00,92.9206375921506,0.23153123970389541,0.02667504610466577,129.2950190495453,13.982416807214024,216,4,1,151.6419763313917,471.4450543747271
2025-04-02 09:05:00,71.44970136875092,3.1714811055042285,0.021532644540435825,83.86895512880211,11.01065200868513,327,1,3,55.76496461487047,967.3149450344519
2025-04-02 09:10:00,87.54355338957487,5.992360456753525,0.018704335803751946,136.58230052309787,11.747108677293278,324,0,1,135.2341723499992,460.2798093080017
2025-04-02 09:15:00,87.72714370423412,2.425612703601527,0.03631632999096998,167.83838642653896,12.080722946267038,261,4,1,109.76377531091956,427.4218975891014
2025-04-02 09:20:00,55.15619344179663,0.30202391416388535,0.002863582167540953,184.65972270239553,11.179724543215457,22,3,9,196.67894507179528,733.2265530988941
2025-04-02 09:25:00,95.12764533397834,0.2525639045174997,0.011047282077258075,123.47706275841983,10.061059358584119,243,3,2,126.1340373665789,260.85811293570436
2025-04-02 09:30:00,75.26261862239286,2.448865938047968,0.013777088288864368,111.59226418964819,10.880516976790107,157,3,7,132.8401628675402,426.9911352163763
2025-04-02 09:35:00,91.32287330538708,1.0465421624712063,0.030804182469398676,174.91855607081587,11.127747537367034,205,3,3,156.85439951642286,362.176701647039
2025-04-02 09:40:00,66.00248005153058,0.205789222930658,0.039075399847238824,97.65414994022112,11.77439880527275,309,3,6,122.680772168847,641.3811603675636
2025-04-02 09:45:00,94.77616142481003,4.71404027418697,0.009475222233040592,143.46632282355606,10.684409913653607,86,1,9,83.68529289151272,246.47759759274746
2025-04-02 09:50:00,69.46008393670816,2.882774815464298,0.03442156717571027,120.81715781154234,13.493017426766691,266,4,2,130.5916769822672,593.8311300456127
2025-04-02 09:55:00,50.54188257401492,1.8414474007336614,0.032701701140475666,81.43689541519997,12.819644530925345,414,0,9,191.64033063360807,871.7919309431603
2025-04-02 10:00:00,95.26909882096318,5.599064416389923,0.008844784210896116,114.50715522501535,10.340801910238648,133,3,2,111.48664822527078,562.7534920368416
2025-04-02 10:05:00,54.56433383930668,0.776574380203732,0.015721763615701413,105.64468043028886,12.600369804559726,266,3,1,151.94614324995095,715.1469553882766
2025-04-02 10:10:00,65.96568187952074,5.942541462801278,0.016128861831333406,151.09784462589658,12.614625905622482,332,0,5,196.70512833285275,167.72321591013957
2025-04-02 10:15:00,97.50309835254025,1.993526250120483,0.03851264554195745,179.46937375072716,13.82488469457451,267,0,5,174.48834694752358,504.1050213223387
2025-04-02 10:20:00,97.5303573468778,5.527217054834564,0.007121732246477365,105.94909623689287,10.012083485424645,449,3,0,148.85511996249855,185.40385069226676
2025-04-02 10:25:00,78.67189440616431,3.7711841591991027,0.031462929238192376,164.63832142838163,10.99172979922323,52,1,6,160.39947324957717,639.5155082079912
2025-04-02 10:30:00,81.59186060848997,5.1476876904162845,0.013157200576266754,82.97886022934823,13.711165917501262,98,0,3,190.47248720256127,352.94893405643666
2025-04-02 10:35:00,72.42227609891599,6.115365808048769,0.028774438600242012,135.11706908429983,13.728535661593131,246,4,2,193.9628156600535,358.53924789257314
2025-04-02 10:40:00,64.66053858490322,1.8362841754984316,0.016535875240220675,84.6194068806686,12.882345677482549,35,4,7,195.34521954829938,169.09006343048264
2025-04-02 10:45:00,66.4332272684958,5.974632105261694,0.02277008170987449,177.87556304210904,13.06305328419016,400,1,1,143.84624423037832,379.21407529666095
2025-04-02 10:50:00,83.62592280385192,2.4580633697223777,0.032780008777027116,159.76593830019814,10.365931831718589,27,2,8,107.70674747978548,556.0094593963877
2025-04-02 10:55:00,87.618726471884,2.433641685807033,0.03166007870997201,148.05859041009597,12.055503339112935,219,1,7,69.97296934344499,626.1940928545853
2025-04-02 11:00:00,89.57895218629243,2.156053186041492,0.034111167378276346,165.98080921546375,10.926331965155997,405,3,7,107.83220020106043,159.99899614824096
2025-04-02 11:05:00,89.48090713972769,3.392645465213246,0.00234714006055176,146.93213792157763,10.724872174454468,101,2,2,191.44331821034285,686.3132671444632
2025-04-02 11:10:00,54.560305152434516,1.0103715702861111,0.027246099478230056,181.64599489482345,13.24121319649333,262,3,3,183.46956208885845,539.9881846781452
2025-04-02 11:15:00,74.72101523512907,3.468333667747088,0.005511317020273476,154.10745836939532,10.54015254672219,270,4,1,128.5489493094318,583.2172071228113
2025-04-02 11:20:00,52.877938000832216,3.3944737438209645,0.01637081860474164,176.86312983488264,11.874606547985541,223,0,1,130.5510929890886,849.5170063910152
2025-04-02 11:25:00,77.47644411618677,4.749031642880997,0.02159798075954459,132.8502443371489,13.754312958344132,138,3,3,96.33805243924542,408.0038007743799
2025-04-02 11:30:00,72.07652506866884,5.190395613941282,0.0158558937884312,89.64295660204115,10.74332822226137,279,4,5,118.17618351057222,256.6460002285312
2025-04-02 11:35:00,94.38520913791498,2.7715441746213143,0.020457163637531982,134.04319391368585,13.911973694952938,450,1,4,157.16727409090927,596.6291581362586
2025-04-02 11:40:00,67.54575062760394,1.9219621234795916,0.039233340430032515,90.70226543081408,13.977151943044236,285,3,0,110.3646088471688,950.5197257817149
2025-04-02 11:45:00,55.853350821380296,1.657454626360121,0.005323519162606462,140.98929575105177,12.22246861872961,453,4,9,78.19758081140507,566.0826572630181
2025-04-02 11:50:00,57.149584102641796,1.2593798195677157,0.026592772050499605,129.1092505369876,10.680570960708632,249,0,0,131.12893682376165,848.7209567075558
2025-04-02 11:55:00,88.07553158587362,0.41676040440604384,0.015590597646698309,144.23814296594043,11.264419551763583,321,3,5,83.8005367181492,781.3288490149298
2025-04-02 12:00:00,80.91090316581305,2.168730806259396,0.005236609083961424,78.0850739539218,11.69797133070614,316,4,2,196.14313340189003,566.4977083088484
2025-04-02 12:05:00,55.05613380613951,1.7245854791992699,0.006249482247722904,98.04277309877932,11.237296897432891,77,3,2,108.55098710179311,682.7992998880802
2025-04-02 12:10:00,54.20534030574987,6.007124100984634,0.03737297712020056,130.06368664651012,11.122542319506064,296,0,6,186.44974574136742,466.01216568699266
2025-04-02 12:15:00,85.048456572956,3.4929236016505785,0.03462999888569174,179.65438465162657,13.88891883686543,337,3,0,83.83309949054365,577.5658201874744
2025-04-02 12:20:00,53.638150318209675,2.1984371220923125,0.03571033268573545,118.42977635835712,10.613459309662982,306,3,0,78.38135079586647,556.5571797615712
2025-04-02 12:25:00,91.09300296451781,3.6329258636008332,0.03903674453760179,122.83217881379255,12.933311634867449,427,4,9,142.5351693559606,738.1993266619957
2025-04-02 12:30:00,85.31211135782482,0.9184157557675742,0.008201397736174352,154.18717761271517,10.0016411577567,350,2,2,166.90686174549808,468.9831874206544
2025-04-02 12:35:00,54.06743903209499,2.7937045940066683,0.013993682255956846,142.20961778690076,12.384730677609507,12,3,7,135.01468457785637,189.79041035992606
2025-04-02 12:40:00,54.241885704259595,3.914463180703706,0.026347220130044993,109.28402421061999,13.66377201581621,345,2,0,84.4693525407889,809.8385705322605
2025-04-02 12:45:00,99.33197892505876,3.0696277529232026,0.019047354374567668,121.3681707212822,11.151736376372876,491,1,9,55.68415443259941,716.3677029953868
2025-04-02 12:50:00,68.71353978780601,2.5337086818996437,0.016472037768058327,100.5115782765811,10.742103901030877,395,3,3,142.74332317865077,955.1111099116289
2025-04-02 12:55:00,68.53210735334454,6.175867915864044,0.01408706466746723,181.3303175860625,12.606719179513707,81,2,8,69.65558380483225,485.8445582630765
2025-04-02 13:00:00,90.63997836287513,5.477457534305285,0.02337720285767691,91.10851320819486,12.850405629193572,8,1,3,101.47645805484969,170.38509121998524
2025-04-02 13:05:00,97.36242886919294,3.8970642979121455,0.022661170844902892,117.15837273317331,12.752122075807925,496,4,9,151.36771305068473,209.45708772691867
2025-04-02 13:10:00,99.30005319114355,3.5647034449224426,0.006356611072892538,79.7906089997612,11.277267520085497,212,3,7,64.70351608743978,795.9875888827702
2025-04-02 13:15:00,87.66890926294708,3.880175287789908,0.018572444577084696,100.952185128823,11.008809608637323,47,4,6,69.08772196759337,160.98155450074174
2025-04-02 13:20:00,68.81297927654579,1.3005232069223582,0.02179023917655941,161.29088294505672,13.823675199848177,48,1,2,59.24993109611062,917.0435304363568
2025-04-02 13:25:00,54.17503583493344,2.4928557332319397,0.022452253806548715,98.72692508719898,13.693198033079717,308,4,6,199.41186933602398,353.48510016566684
2025-04-02 13:30:00,88.85734579637185,0.3048752931783149,0.00827194119567858,85.64684747312829,11.829266439571281,439,4,6,108.0615152902372,908.9911365213923
2025-04-02 13:35:00,77.92021248679025,2.9874932169063473,0.029223298940111754,128.2409434232085,13.384775464617494,39,0,9,185.86927516019517,796.1561639208516
2025-04-02 13:40:00,71.21110046234881,3.4025924147077355,0.0009920908830149935,78.07667735132799,11.809293910537184,362,1,2,94.03784576364231,884.080932662521
2025-04-02 13:45:00,95.3177192547368,1.463156204594656,0.013969765635919867,86.15474467804398,11.697556072290041,279,4,1,162.98038477107437,292.63572259296916
2025-04-02 13:50:00,55.559874115307565,5.992430831041616,0.030717049994112743,164.2235939128013,10.627051790397179,225,2,8,82.85999244685684,636.1241462322114
2025-04-02 13:55:00,74.63125521454296,5.6567134384215825,0.022200520691243293,160.3191212448375,11.705624225967892,455,1,0,124.74870644723754,184.23021886518035
2025-04-02 14:00:00,50.567682238370956,4.50445385714887,0.010281991084195818,175.83499260372878,12.149667754399228,107,0,6,173.69236089436694,282.05269078543836
2025-04-02 14:05:00,73.43303209970631,3.343303830735365,0.02736037380384772,169.28766707836093,10.090017309714746,244,3,3,172.4501598342624,378.9120046035416
2025-04-02 14:10:00,52.815163784091865,5.413815806324473,0.022338238210519022,150.78296082990033,11.776452020701626,254,4,1,169.1421076044012,766.7313323590208
2025-04-02 14:15:00,55.9408958134036,0.8658545175858969,0.031348190528658906,82.65194858847158,13.125424873580801,32,2,1,173.56016195578292,122.24294144963498
2025-04-02 14:20:00,55.87631233885524,4.925015727645958,0.028938015082811963,161.54765074255903,12.720184225497079,22,0,7,81.72084219588189,912.8055545849228
2025-04-02 14:25:00,82.46051510580318,0.8299814365544056,0.02402000990135876,168.31516757078055,12.54062795545574,332,1,6,122.33244088405797,163.72316234162952
2025-04-02 14:30:00,87.30224396327117,4.947781888629967,0.01921960389475428,163.30087174337106,13.638221713748809,53,4,6,122.7307211895738,438.84117581016443
2025-04-02 14:35:00,79.16843825485799,1.7585413995539478,0.0052433936057429634,131.91573581326682,10.072128039300921,308,0,4,183.57537310218686,172.9806654957257
2025-04-02 14:40:00,98.10862742372709,5.4576237490367445,0.010288707047449348,102.153398574144,12.228190344768937,48,0,9,94.53377440991432,792.0710587930364
2025-04-02 14:45:00,68.7435289761852,5.869480860835575,0.016499988158692937,168.29563737438247,13.149395393638828,461,2,7,189.72438400835725,227.1834760624811
2025-04-02 14:50:00,64.28560431409304,0.9774663530217386,0.023594472859370223,155.53358345193496,12.165341530805069,77,3,1,117.61936044591485,896.2812192362119
2025-04-02 14:55:00,93.42995640947302,2.9083198136113775,0.02022472963061207,182.92220683399597,11.295582210321516,335,3,1,150.4680504766128,577.1997879323735
2025-04-02 15:00:00,61.17979192597263,6.096752470747625,0.01134585360547927,93.81480055764075,10.545002260367912,432,3,4,90.33246684190016,953.6255375098565
2025-04-02 15:05:00,98.16112697203056,3.0358531827908934,0.00025450241261668337,101.37177496962195,13.550252287264765,357,1,0,111.5447160246961,361.3248215273758
2025-04-02 15:10:00,50.60772373449082,5.374312637362617,0.019536987790157233,99.87420018720229,11.883049569550412,121,0,5,156.47013981037105,508.8845366905519
2025-04-02 15:15:00,98.49394133538195,3.6837619769187775,0.011245123732294365,162.59429490310436,13.512460787942805,443,1,3,126.9120712776514,724.8222660966202
2025-04-02 15:20:00,52.1579955975288,2.3710063901177185,0.028921602259803836,97.18598801661275,12.343408489732674,358,0,5,189.60620175325008,848.7219813138645
2025-04-02 15:25:00,94.55715568490356,1.8201554754385887,0.0009427668583254621,84.19926162091706,12.696768466460004,89,2,6,160.56874488462162,479.2213789710461
2025-04-02 15:30:00,76.385055454315,1.3122787597794061,0.023024729413890117,184.8445671112479,13.2170446175138,345,2,2,134.66043882659,903.1892844944477
2025-04-02 15:35:00,99.64823980596502,4.748394209348056,0.03706593487803755,79.6802588360761,12.636622178400538,192,1,7,183.00046349783122,206.1884874919557
2025-04-02 15:40:00,53.68982823676994,2.4399692065248035,0.006866510287106446,167.2063584971575,11.59221936271575,415,1,6,149.83345831831167,737.8162469290859
2025-04-02 15:45:00,77.69271422006604,3.207285377709115,0.018568887615800014,116.4596188874705,12.054533535714604,376,2,0,147.09807101306484,413.3790839922944
2025-04-02 15:50:00,98.46512678095495,3.0907131807547628,0.0035992929600399113,167.89446965384406,13.212182098703519,462,4,5,86.95569997214409,191.20193571933726
2025-04-02 15:55:00,76.15489220850745,3.613311131968838,0.024633159453920677,136.89901305080366,11.494601185491938,243,3,6,109.22854482923164,447.9981011218035
2025-04-02 16:00:00,81.46993190676312,5.38679801188335,0.02167448731824146,174.3761727845269,11.552485827073989,148,3,3,152.49554789060323,892.1940620370111
2025-04-02 16:05:00,84.78743444923086,6.095226667951613,0.01603802142481163,177.0288425327797,10.382760464232005,145,2,1,183.76875672247368,982.480484159776
2025-04-02 16:10:00,72.72705323838866,2.56942107193064,0.02052666547312334,77.9826035783238,13.65833774088699,477,3,9,97.33212104673729,453.51987139043433
2025-04-02 16:15:00,81.37790400420317,5.152680075466345,0.03529823396139078,85.14451500722113,10.364145259781766,315,4,8,82.3228432914477,897.7747490257376
2025-04-02 16:20:00,79.21571559615501,4.765185562894726,0.00772812631141694,104.03874279365239,12.592836709794224,377,4,6,139.05439682237835,558.6889746176904
2025-04-02 16:25:00,95.05790052454944,3.59024225513952,0.0008883670822906911,149.28606496725817,11.65277791521119,140,0,0,60.07956471540697,745.3135338975474
2025-04-02 16:30:00,52.272319017072896,5.943330799765576,0.03392383267709207,172.93339722324265,11.62247756102177,407,1,7,157.1812552175008,140.83428004644085
2025-04-02 16:35:00,64.04815947961151,1.295370696865152,0.022721157245320117,126.67373073974798,12.718207346290736,285,3,2,155.4707814931221,601.5807747856211
2025-04-02 16:40:00,97.52057420382793,0.7342838550805678,0.03506531245737828,142.55309655762068,10.268374930519515,385,4,3,103.24490464792326,163.14574258989137
2025-04-02 16:45:00,94.51318919454582,5.3153463935536704,0.023501793140298946,97.35798410192061,12.374823131805739,338,1,4,183.90164800173525,341.7561613844194
2025-04-02 16:50:00,72.78283763928565,2.763599211044135,0.03189612312782248,163.93641805922204,13.08812714388942,110,1,0,125.32717123086913,610.1328932818108
2025-04-02 16:55:00,81.00662989007684,5.2723277506842035,0.016916283282628508,181.47143602617473,13.312851031546376,107,0,5,146.86474260394053,826.4473897795125
2025-04-02 17:00:00,63.86905914905663,5.556046603535553,0.029522060480812268,106.00868475477652,10.682121557575101,366,1,9,81.43677229075067,604.8042794235196
2025-04-02 17:05:00,59.40605798618807,0.4463495403062928,0.035946533855600316,130.44120277285901,13.589676200312695,280,1,5,112.601050274,942.5723870036891
2025-04-02 17:10:00,73.18492024699911,5.496834994089974,0.022524538294039633,86.30053993468837,12.624584367389769,49,2,1,179.36263104046523,829.2992568182519
2025-04-02 17:15:00,67.66761140130264,2.820004451564137,0.007117529456155939,137.38675889800058,13.527419203282731,13,0,9,81.94093214485142,240.61613149459237
2025-04-02 17:20:00,79.1828055925436,3.2020997666379825,0.010582588983500405,131.3006117194415,11.941122868440793,133,0,5,108.58615663887032,450.0626370651436
2025-04-02 17:25:00,53.88673184824924,3.916666610583942,0.007820656856908555,92.59914028874837,12.168133380388808,75,3,7,97.71148166421949,701.636884576101
2025-04-02 17:30:00,98.71974038330833,5.760847238592159,0.009718785862146764,124.74315101675211,13.676153108114685,83,1,5,72.66652772971702,944.5654284483611
2025-04-02 17:35:00,99.31053722398013,0.17973114844797738,0.012063606882495236,113.08330242534882,13.599638173418686,342,3,3,93.45768771913033,988.9442818702038
2025-04-02 17:40:00,84.90808570098726,2.9954744572458925,0.021855672697851703,133.35773453296045,11.792643493476008,157,4,3,84.91584253628251,786.8677941665264
2025-04-02 17:45:00,76.80481831720601,4.292709378948487,0.023149289251154042,140.25066822631032,11.097650526542727,285,1,8,188.5390445691991,616.3923750214275
2025-04-02 17:50:00,65.47638081431639,4.507921635617868,0.016791337698886796,77.91752248957863,11.572681738257057,421,4,5,161.16182068141939,780.9487207641927
2025-04-02 17:55:00,90.68975098534743,4.322300838214779,0.024229177643624273,159.188646158552,11.551057314119,313,2,7,97.41523726742365,345.91277751755297
2025-04-02 18:00:00,84.23655862769397,0.8891245988749955,0.0032116129788120375,154.005543521068,11.147467499931176,93,1,7,164.50085798640646,355.24272453366945
2025-04-02 18:05:00,58.130846967244565,1.9038908878067897,0.0034562316718034637,116.5589297103044,11.074318417331867,296,3,6,53.32099295508071,688.9144115460908
2025-04-02 18:10:00,95.54635922469213,2.2688018049645615,0.0067649430372270485,82.71708104143237,13.444251745918878,93,3,2,128.978706615671,884.6520187599193
2025-04-02 18:15:00,91.12686214615846,5.0106912265129155,0.020396762905598175,158.53271429678546,10.279447682738647,56,1,9,87.55018456020096,972.8285402587184
2025-04-02 18:20:00,97.4899956645962,1.776948776752822,0.008424991899820475,180.1589173316383,12.710444728398377,163,3,0,67.14831077127712,407.2011407480964
2025-04-02 18:25:00,86.28597541941801,1.3583040456209663,0.011152935293943119,102.93637237037754,10.691280205825809,319,1,4,182.56377925077328,816.8982607911882
2025-04-02 18:30:00,80.6707597967895,5.951948387073437,0.015760356391414394,111.9406582836001,11.378023573576254,496,0,9,79.9010801393859,866.3777247587443
2025-04-02 18:35:00,70.91215181453094,0.11666024450898872,0.03196325048890105,96.85179206403602,10.246172136539347,97,3,9,173.35866394194235,660.8559187282535
2025-04-02 18:40:00,96.63642416770065,6.200304834868068,0.0005457536771028941,139.30910132124268,11.079894547421848,15,1,1,111.98340162376567,412.8326940067866
2025-04-02 18:45:00,93.30319447502042,4.225652660193956,0.025566109090597845,93.72287062192513,13.073684284468968,343,1,9,52.14361550610505,657.1797087464209
2025-04-02 18:50:00,52.26093350530947,5.158526390973174,0.026333735914724883,115.46894589382899,13.540061298189034,77,3,1,159.8799243951538,626.0040138803615
2025-04-02 18:55:00,51.3183487248626,1.8745097943776008,0.031443157938218814,152.2774055049004,10.886108607609469,345,0,6,139.4539637329052,645.8729552168418
2025-04-02 19:00:00,68.82316834390248,0.15019857415266138,0.03672257648609843,137.49252616500962,11.854191357035688,71,3,2,101.6257824751729,657.3341924089493
2025-04-02 19:05:00,90.52766653909165,4.601195234119155,0.0007928291269184354,118.737956947417,11.881296191748826,269,1,7,92.23189008893951,862.3523717845255
2025-04-02 19:10:00,99.36380646574722,5.1934383975907785,0.006054479864425872,122.38695699521453,13.494301223038937,286,0,8,61.05368785556521,253.0733619405973
2025-04-02 19:15:00,57.52084455517641,4.617230006422092,0.03488865246411385,137.70797532330877,13.051196211503221,65,4,7,191.21383922529083,430.56455285365126
2025-04-02 19:20:00,79.70653576760675,0.940891056117053,0.01805192164515901,77.63339061181343,12.0523088734722,367,2,5,124.09773270381285,627.4015546156403
2025-04-02 19:25:00,69.04454283155107,4.6969038886592775,0.02222798991387435,85.47906579298987,12.682988801887094,67,3,4,62.8286776364162,354.99496475046374
2025-04-02 19:30:00,98.49571989073016,4.7922216486059686,0.026103447313300682,172.17587131840526,13.389420215637468,192,1,2,180.30195766167057,980.3378098756353
2025-04-02 19:35:00,92.10594615678544,4.113197089747935,0.02673492012565369,85.41093082185941,10.03815581610218,54,0,2,91.82497592267251,336.8352336420962
2025-04-02 19:40:00,91.91643523555689,4.774955110443549,0.03668271285261126,153.33478839073456,11.611560124200194,467,0,6,80.54040736019823,522.6659925781287
2025-04-02 19:45:00,73.43465798974852,5.265884503850521,0.039249998258439174,176.36412172377769,13.628972669108315,378,4,4,92.1406157513328,889.6285411417615
2025-04-02 19:50:00,70.74097511688326,3.8367675404716532,0.02835267125259721,106.23382926458696,12.961252123375806,461,3,5,134.6857187910667,172.0572963942036
2025-04-02 19:55:00,63.670353596535314,0.6071954572681292,0.011307927728527708,117.01307520242754,12.171365497336298,167,0,5,61.10847267455547,838.6192018848267
2025-04-02 20:00:00,52.81877483254635,3.0618151192351726,0.034635940053568536,138.44351183122936,12.118578108140534,408,4,8,122.26353636840146,613.907532077203
2025-04-02 20:05:00,93.23611881275266,0.5398026428688761,0.0019378323275612383,172.22456872096717,11.391080390417752,24,1,0,184.36151676864688,128.62183673770338
2025-04-02 20:10:00,90.64505045650388,2.5691677652829608,0.009097676285754202,178.7258034241254,12.082082134566058,130,4,7,78.22573937691858,912.6216027700923
2025-04-02 20:15:00,99.98588366430653,2.5664823459193555,0.0353301654351182,156.87283079601693,12.621532797853813,324,3,9,99.67831582283658,135.27715191016873
2025-04-02 20:20:00,99.83184185369527,0.4682014683463339,0.010086285542628848,86.35493417230695,11.673452153715171,101,4,4,109.41829475774792,563.6960166441636
2025-04-02 20:25:00,77.77158528013138,2.2079320437301786,0.0086870542824142,149.2686487977639,12.856612585568696,373,0,5,137.93310672908677,144.12812172911302
2025-04-02 20:30:00,88.44937075902553,0.7449499964761751,0.005438006603460848,121.3128019622475,13.444928909041543,281,0,5,187.88813697894673,164.08008862704833
2025-04-02 20:35:00,97.23828649412141,5.03405491471854,0.03382331580973486,127.83570794503466,10.618739392739444,295,2,0,109.18088123636383,898.4838828321027
2025-04-02 20:40:00,92.48236953387058,5.891909078177535,0.019687343670179002,82.30802615727912,11.806188091269698,293,4,2,60.37292610166455,789.2429922661992
2025-04-02 20:45:00,62.36740508715988,0.5069971694202556,0.026570612893562377,97.63471104940668,11.632080365140325,421,1,5,102.19262921464886,277.2470559204023
2025-04-02 20:50:00,72.52720676550467,5.937597925553513,0.009412067447672326,162.37546961363395,12.749859216198912,451,3,8,78.51281188997672,658.4211758928285
2025-04-02 20:55:00,56.45797075757475,3.2768051466540795,0.029844127179253693,126.02755396916885,10.999469861031717,262,2,5,147.7661718228655,815.211611588094
2025-04-02 21:00:00,97.70255136293612,1.9049372062711782,0.029921494305712313,109.57952209616408,12.561003659809105,477,4,5,54.389316375099824,900.6315772301782
2025-04-02 21:05:00,80.308731722544,0.5349597593066076,0.012307015500442267,118.47405998821549,13.509956966925952,413,1,0,93.78949566096101,521.4762341552316
2025-04-02 21:10:00,61.43214027517314,3.1417637805443177,0.016168616329878135,169.27514743917348,11.67252639917449,119,2,8,131.77602608489298,907.7498896610838
2025-04-02 21:15:00,83.58503422029284,4.949657392118034,0.00825552719145475,157.89189387973533,13.644062799916881,402,0,3,91.60013090743314,557.0650654458054
2025-04-02 21:20:00,80.90641202289478,4.411831111510287,0.038447305144325074,106.41006289555695,13.972654955733914,230,3,1,132.64929250178812,719.4052379599219
2025-04-02 21:25:00,67.90813590164203,0.3711060709968704,0.025417438019047372,89.69019874293632,10.424368199791807,290,4,0,67.20684832807748,981.1264234826252
2025-04-02 21:30:00,55.67787960998145,0.5105980548094567,0.03679308603815792,104.21580793755973,10.932212751939435,487,1,2,191.42082319844337,312.3566102750741
2025-04-02 21:35:00,83.57865977963998,2.540441467576971,0.011944319191233335,176.44169671391126,13.801519005928373,160,0,2,93.636021099483,251.66914847423033
2025-04-02 21:40:00,76.01538504518966,1.8786381008129394,0.030783123433778845,139.81159448777356,13.833310745925548,160,2,4,188.4501259084825,407.8169424800831
2025-04-02 21:45:00,88.61591958678196,1.4916662040964292,0.03015193139560668,134.61586254443654,10.390829101547034,77,3,0,98.8753159256218,247.95912044827844
2025-04-02 21:50:00,76.00817505559966,1.7907567602649224,0.027230552179550924,141.41050876678585,10.059994001508546,37,2,6,167.27602867594817,355.74652513438673
2025-04-02 21:55:00,92.609075015927,5.004819769282772,0.03801730302015146,116.53105270062365,10.64440009302569,393,2,0,86.92810361918794,768.6867910335436
2025-04-02 22:00:00,77.59534193872427,5.778351212641459,0.015494312938039254,164.16755819450736,13.984051133528993,440,1,3,150.46533535844017,529.7716323291585
2025-04-02 22:05:00,78.04689857676931,2.554155857372756,0.005146354101461103,133.514914924427,10.719998466442748,27,0,5,98.55743207341507,437.53716504541165
2025-04-02 22:10:00,93.83268013291726,5.6361449851101115,0.026445244959324595,89.60877349902992,12.010190426888093,461,4,0,126.37386938144881,431.8516047482138
2025-04-02 22:15:00,70.17414331061985,2.039841343262967,0.028712999775767654,90.9390334815388,13.393670905722043,99,1,6,151.07212186455212,275.0769774100479
2025-04-02 22:20:00,56.70076142253204,2.9929739537501385,0.02264019228313088,134.9807878222828,10.081606442752825,293,3,9,138.3323757804441,502.6703088582957
2025-04-02 22:25:00,51.43913381566695,1.4525709575790633,0.008142441134451124,178.14958355165064,12.417955929033837,399,2,6,136.44208899255415,662.1720028193586
2025-04-02 22:30:00,87.75686278368096,4.002072164148179,0.019860480869116688,110.30202914102946,11.108101795478497,123,3,2,59.852125348642595,225.23935106640135
2025-04-02 22:35:00,81.01547756767323,6.084410797721133,0.01229094114770028,170.9104462367956,13.449339665758927,404,1,3,87.36152482573877,975.5315753231931
2025-04-02 22:40:00,85.20398840496118,3.774568874957545,0.016829399960575364,159.52232335051895,11.133844597056317,91,1,5,135.77589347848124,498.95305878406026
2025-04-02 22:45:00,60.64820807544554,2.263256523071228,0.025402319852862003,103.76374383394594,12.747022881127636,254,4,6,52.74758108235876,953.1648250762553
2025-04-02 22:50:00,56.818573779338486,4.047233344902548,0.029339178941212424,80.92480081815418,12.696878529789588,96,2,3,87.59663826739694,221.19303396176667
2025-04-02 22:55:00,50.7272332833941,0.8182926144972917,0.009142709303254969,87.99950463537733,10.88597419543856,5,1,9,84.3777859146795,790.4943578554122
2025-04-02 23:00:00,67.52937794032985,5.528788215499551,0.015957699981206618,155.67734485552356,10.1391967994734,168,3,8,87.47841652412517,655.8742454891905
2025-04-02 23:05:00,79.49588434273166,3.1568946980421755,0.01059691796609754,98.56433170838984,11.63699829514159,382,4,8,130.34142493499806,838.0577075890337
2025-04-02 23:10:00,69.61220225498661,2.8263447957530525,0.007820146500903173,117.09725941458252,11.156772607863479,270,3,8,137.29405310287888,640.6101306596846
2025-04-02 23:15:00,71.87374610118646,3.6661270557149015,0.030842033189958155,131.18350992869387,13.235910998454834,107,2,9,186.34969915592168,966.5529699185255
2025-04-02 23:20:00,95.20793472468742,3.9055405786926065,0.035797369505253834,155.3505621926176,13.20145675382138,386,4,5,107.90465735393289,664.2386478368718
2025-04-02 23:25:00,67.41277335116501,0.5036712044586689,0.014576078173620353,89.22897211198554,11.828095808770502,298,4,1,188.9868375714689,806.1437128100213
2025-04-02 23:30:00,75.69947445799053,4.261306699151187,0.02957792638048764,120.88757176996583,12.426048901292877,46,4,1,147.79315174762553,889.8235952800306
2025-04-02 23:35:00,89.18265063705715,1.5503974682804753,0.0353147942418058,129.38787418741111,12.4170380639477,98,0,3,186.89905938508335,743.125124089414
2025-04-02 23:40:00,69.8271391160635,4.454068766011197,0.033311994780996265,135.4093229089263,13.308632593710493,13,4,8,175.02081525200725,571.8129909068443
2025-04-02 23:45:00,81.10433501139367,5.122019850440897,0.007197381388128177,165.3829492706834,11.70000965649279,193,3,2,153.13736651115312,345.5353708870783
2025-04-02 23:50:00,93.11818543733726,5.00774646778453,0.037649307004369185,95.54124506466742,11.101786719162035,156,3,5,103.4158849278439,869.0433520561023
2025-04-02 23:55:00,97.47603118288211,3.460887078330154,0.014829789127351979,164.2457967972752,11.06013967256219,387,2,1,86.16656715278278,532.5204274198105
2025-04-03 00:00:00,57.3536740464519,3.2620001129347354,0.013355938754480053,151.83087019123843,12.144769117128817,153,1,0,83.35871532680483,658.6374037015531
2025-04-03 00:05:00,96.32938125807472,0.941048991836973,0.0024579275980589396,137.0340479334876,11.79659281092885,114,1,4,192.8260756184422,171.30388409282784
2025-04-03 00:10:00,74.6058146539769,4.831735466939254,0.019140705379474654,152.54901000347778,11.760483083939745,395,0,7,193.78607646940372,547.6161908141648
2025-04-03 00:15:00,62.91221941494792,1.731731689561798,0.004291876949144927,121.49791580677889,10.364549356358829,257,4,9,158.72470602864632,728.3418796178605
2025-04-03 00:20:00,72.95678781191307,3.1175952025609215,0.009785037603894854,91.94693928455744,12.874414962760783,144,0,9,182.5693976114716,625.664718940393
2025-04-03 00:25:00,99.00162876427385,1.8108699062249936,0.012478062713240045,148.90264594865965,10.854946751927642,290,2,1,187.8494244618591,503.6993704411345
2025-04-03 00:30:00,74.63090469964348,0.8853920310802751,0.03184357323849995,133.66460912204718,10.787814520834885,9,2,9,126.73342947789682,301.0845850747023
2025-04-03 00:35:00,66.43758051437541,3.934907167185621,0.03446807571495148,146.05247845861976,11.651033281109573,367,1,8,144.35895359377582,378.7031800811436
2025-04-03 00:40:00,81.67004271583629,0.3963645730184315,0.011908129165089806,113.50386835107692,10.911113366471206,213,2,7,112.81317468803218,730.561922346071
2025-04-03 00:45:00,62.00728093890965,4.667482833964887,0.033807030903210994,174.9415903527023,12.335433069232062,232,4,2,112.77361464278947,301.77162895545905
2025-04-03 00:50:00,53.7931664054332,2.015795423126134,0.03374926772734241,140.43594580616232,11.485853357337886,170,3,0,55.76433779669219,659.5539537779937
2025-04-03 00:55:00,56.44398609553246,0.06296567383621147,0.030104384381747507,86.22346830341436,11.79564689037116,20,2,3,115.07321907272083,630.7638513005828
2025-04-03 01:00:00,56.40229194788862,3.20638526133207,0.0057754013082890986,125.5788309960783,12.148677286416115,14,0,7,151.0234717269775,973.3757314481774
2025-04-03 01:05:00,57.595134675614716,0.35035003081168226,0.02717807951476639,158.68645391231252,10.81414208992722,418,4,2,113.29732491598567,154.7036582362029
2025-04-03 01:10:00,56.94135863247051,1.7610142676960283,0.03720569192494345,162.76653266708541,10.62300649146212,367,2,9,180.86145153154348,197.31034656645534
2025-04-03 01:15:00,82.04373724016074,4.411154501169773,0.02687168690311085,130.41648169848594,13.52168761149442,125,2,1,99.88444286105272,555.4751190811813
2025-04-03 01:20:00,59.09400421995724,0.44777687748032413,0.013055788511060333,173.63273764978052,11.734894811325685,340,4,6,69.90230698412742,574.3988428182711
2025-04-03 01:25:00,67.28336416619317,5.225389023504041,0.01970785778518357,105.90819121698414,11.648374438530157,340,2,3,171.73380360935892,135.93489292465412
2025-04-03 01:30:00,94.8394204953006,0.08563563270663581,0.025422259529235314,121.3446593017328,10.142448601091367,212,3,5,151.0921877492888,843.2698787735069
2025-04-03 01:35:00,73.69808201314362,1.5804921248555668,0.020101208048682057,174.04846634144877,11.991905210349573,187,1,4,86.27292234808726,545.2511482926061
2025-04-03 01:40:00,83.37788692605136,4.619862413325161,0.004722559311242455,173.7957253789305,12.216678886444,171,4,1,130.46768840633496,411.9793719764759
2025-04-03 01:45:00,58.61599356008149,2.007695982153746,0.012285992644354517,151.05697903306555,12.235363483818666,479,0,9,110.27785078906886,386.9683935533883
2025-04-03 01:50:00,59.61445094043354,0.6889355531431722,0.031590411962499565,169.76989908919978,12.828124677291537,246,2,1,190.82896646534866,875.2664633987631
2025-04-03 01:55:00,52.043430813323944,2.2781423125535127,0.033914114616585125,86.58751283127313,10.709927339964047,4,1,8,141.09981363809436,277.0595797853623
2025-04-03 02:00:00,58.44675315360823,1.7254811128649865,0.0054055160180152715,170.41945743043985,11.008892536922476,230,0,9,73.75838917804873,244.37593488934831
2025-04-03 02:05:00,63.92951695159793,5.2461407998383205,0.03749556168061303,111.6269499074245,13.242921860921651,200,0,1,125.32226789554777,291.8606763009549
2025-04-03 02:10:00,58.85052421383734,1.9897196580882,0.012945779346961533,96.25980334224737,13.788682467373576,372,3,7,179.38352487857762,662.5202928867673
2025-04-03 02:15:00,54.43512668785278,4.915312713307301,0.026075358125202317,102.851942324941,10.543730989469282,401,1,7,150.72450050486924,829.8377700655683
2025-04-03 02:20:00,56.03179355503004,5.548553616282591,0.02959943117882913,122.14059886549981,11.990598218020873,148,4,0,176.36781141479844,397.8808244093616
2025-04-03 02:25:00,73.03893840163629,2.7307965818149085,0.03196640445231693,104.12873649728246,10.856705010958347,71,1,0,87.55989707984605,256.1157983033316
2025-04-03 02:30:00,60.31668592028963,5.65971868427548,0.03723426035160509,111.62129928978189,10.24029267341993,491,1,3,183.2527065571313,288.2747508657585
2025-04-03 02:35:00,68.21349305240378,2.383236615440715,0.012319673897849548,91.57767649573734,11.302013352504542,499,0,1,163.3416997736258,657.265400666066
2025-04-03 02:40:00,75.17086354274284,5.992735760355463,0.03379948496634015,108.98709068037184,10.574750500736851,225,3,0,159.33706331571182,321.4317035928069
2025-04-03 02:45:00,84.51974143146826,0.6114081193253997,0.005184526556973814,138.80665197053614,12.839732293736985,73,3,8,101.98116046452866,889.5522082162302
2025-04-03 02:50:00,51.965606992054944,4.288386201599225,0.02775753098723158,124.7202004738349,12.134901654685777,306,1,2,183.1487095640792,193.5022189728826
2025-04-03 02:55:00,89.97051994545214,3.0998701689143457,0.029211737408738576,114.4456262134784,10.575337883961243,168,1,0,145.6969066089825,129.13168060496818
2025-04-03 03:00:00,81.39501947454539,2.446786986358331,0.026682031778420105,157.6168299165683,10.036966353622057,248,2,1,177.77592152942037,179.54042136481354
2025-04-03 03:05:00,54.08795159744359,3.954310346817979,0.009933656393114587,173.49907691047832,13.23262819609685,279,0,7,104.14571839794077,861.0788083476883
2025-04-03 03:10:00,93.67893120533887,4.391965310370568,0.03437179600230326,158.73323607345887,10.704777624656991,487,4,4,71.84781365965347,686.1065676990949
2025-04-03 03:15:00,96.04362002659066,0.08897807133623387,0.006647974588738788,112.85607582870935,12.424866568883065,151,4,6,99.85057703304835,961.9701698055253
2025-04-03 03:20:00,53.05389799274319,1.0891611963085628,0.002111607105654262,157.3997541264558,11.347687652306982,223,3,5,118.28965210627737,402.66688714278183
2025-04-03 03:25:00,63.843882407360184,4.4484918615341025,0.02824666842689004,93.41385970719753,12.341943753260143,224,0,0,130.01110627182385,291.41031520872946
2025-04-03 03:30:00,90.31006398965306,4.161455551122987,0.018719526456284247,91.07434271385942,11.262614507929296,37,3,5,126.62138235673062,605.7777153823743
2025-04-03 03:35:00,87.41298451918291,6.004848752662182,0.033429073955575074,114.32771999990516,10.347758242769016,43,4,6,131.90818886548465,584.0454512140736
2025-04-03 03:40:00,59.226050967818864,4.7437165463826005,0.01509438378317776,164.23185585675816,10.891800034231014,184,1,3,176.25586478344212,631.9215893757896
2025-04-03 03:45:00,60.467466166835514,5.910884722939719,0.006625144857407505,103.6056107021686,10.752234265916302,498,0,7,75.51518692822549,412.78047639431395
2025-04-03 03:50:00,68.5236051395691,4.3838662103939265,0.032930812761758015,83.83136816105738,11.712077409758574,442,0,7,97.40769427533064,105.30724603310809
2025-04-03 03:55:00,74.22614925955106,1.8956269894515445,0.021610627088632785,91.22462980228636,12.633135133704629,240,2,6,183.2912735653177,131.52848764655516
2025-04-03 04:00:00,80.9127385765148,0.7102971003289758,0.007448657265987511,169.74445660119466,11.05522429978543,417,1,1,134.06873068374955,697.4438152802616
2025-04-03 04:05:00,68.44568197848862,4.87158359032601,0.028361590062748226,145.44859475270704,10.048279741202471,330,1,5,137.50848055543582,570.9322433399332
2025-04-03 04:10:00,73.1267358066574,4.024667994387342,0.020122595058695483,104.34572564395748,12.075749457059027,350,3,5,121.70938169209283,838.9101336861462
2025-04-03 04:15:00,87.37354690668784,0.3585568679976653,0.023791862542099616,136.9719491354436,12.423037957435888,209,0,6,132.34619524792086,370.3688729081172
2025-04-03 04:20:00,51.834160144529896,2.2770137886688326,0.018145613665026948,133.97859922193786,13.85148197600724,22,3,5,79.71195958401518,833.9250135080576
2025-04-03 04:25:00,62.62184721720104,5.947960915658134,0.03262635556381329,147.78708567159143,12.357883212372988,123,1,1,132.03003491271926,482.94227210638894
2025-04-03 04:30:00,85.66747929422762,3.140391227079825,0.032659967072713236,102.18425587753455,11.884690237512567,85,2,7,199.57596918666752,187.02854699170354
2025-04-03 04:35:00,94.76034188435997,2.724101926179229,0.027928708854108267,170.35552261699496,12.293606503590816,42,0,3,134.90713593862765,980.1204063316248
2025-04-03 04:40:00,75.58387210578331,2.8777095874386127,0.004149662768236459,110.41180470464138,13.711602519448109,465,1,8,56.66036984090455,560.7423362309679
2025-04-03 04:45:00,76.60567426326578,1.3470944042683446,0.03302576042854938,151.96621862943357,13.313512582406585,39,2,7,169.46534665259895,666.5306625661117
2025-04-03 04:50:00,55.358600566988805,2.330266140327544,0.02641784814487871,78.7414618081992,11.291914933455232,302,4,2,109.47131430850814,703.7174678406111
2025-04-03 04:55:00,72.37061834117273,2.337070303591479,0.027441911118005872,117.2469700285679,10.94901745462855,168,1,2,73.05142227523427,426.1710270041926
2025-04-03 05:00:00,76.63086332275115,0.38420282336420813,0.014290670724984467,114.9846603395513,11.050534449464294,174,4,7,179.3779709340037,772.7754878759235
2025-04-03 05:05:00,62.12352518173648,4.783885322508094,0.034617324053856965,135.69631828696555,12.017684158860853,486,3,1,79.69598833024514,883.2398188159154
2025-04-03 05:10:00,63.46216154746905,2.6242944760297973,0.02855795243840636,84.85551627193722,12.97619780491431,19,4,8,188.11510847877997,448.4682787724729
2025-04-03 05:15:00,68.86420815523113,5.119836610664977,0.004432697926301039,162.33418836241967,12.012876828731848,460,1,3,116.26947356639083,691.3007979683933
2025-04-03 05:20:00,51.003559888886315,5.293114819258318,0.016054261992374065,100.5203265908974,10.27118558331245,108,4,5,161.418625212455,781.4114415794885
2025-04-03 05:25:00,66.10395827915892,1.3662339818453826,0.03489688348840697,150.1200840072571,12.894322801759923,192,0,2,132.04937755077808,271.11330792017316
2025-04-03 05:30:00,60.572400349827234,4.105894966638396,0.0018581388654959807,163.74690931036207,13.223880514683815,243,1,2,88.49402058728418,399.3364759563707
2025-04-03 05:35:00,66.37486760889573,2.967413047652105,0.03785106845696945,137.68271127408343,11.157991460478879,323,2,2,150.6635261743878,197.91626174285938
2025-04-03 05:40:00,55.98810659096256,5.47648543675021,0.026738698230998018,157.01538632597445,12.656502957133402,279,4,9,193.6868826335222,641.9876178233831
2025-04-03 05:45:00,94.52636403699475,1.3892816154494696,0.0248573353774175,148.4809137192206,11.706367604217574,227,0,1,165.44554501871187,820.8439262387706
2025-04-03 05:50:00,79.67962267770244,4.23175441428954,0.01065194498385787,115.39721809241682,13.556477422909772,35,3,7,140.60269948627672,649.7547909264403
2025-04-03 05:55:00,83.95511595722448,3.8007685851673347,0.009794957601840274,164.35672221562504,13.38090223264296,44,3,8,198.5942162398785,261.80544787933957
2025-04-03 06:00:00,89.45856193036691,1.8787056667608444,0.037088926307087954,108.82774794763702,12.101727993238569,385,4,7,89.79900010140271,591.7316419235236
2025-04-03 06:05:00,74.92210994645286,0.9024475170160646,0.011743016350442835,138.69099511716385,12.766022183254378,27,3,9,59.35122318641711,851.4407336737687
2025-04-03 06:10:00,54.34601440437118,4.0707465911145055,0.030531721082356675,157.50295582728626,13.533398804088415,153,2,2,54.81962991738966,372.4523164703972
2025-04-03 06:15:00,76.85532709092739,4.60567320745573,0.015477244507592526,117.92723825975082,11.982868040313102,22,1,6,156.60318193381974,849.3863520273763
2025-04-03 06:20:00,79.34205590104395,2.003741714393608,0.005482446692200874,109.6989016226819,11.253002961955287,206,0,9,174.5348547101256,806.1609553929892
2025-04-03 06:25:00,87.2719737092165,4.028871871940097,0.0004218623417960514,126.60936909866486,13.014664551638326,419,4,1,145.265080622679,119.56672705300738
2025-04-03 06:30:00,71.58297731148397,2.4928136832153274,0.021427465784024127,165.3400573897086,10.880265019138767,90,3,3,185.75398961647974,315.5093326769518
2025-04-03 06:35:00,56.37901513977819,4.449481235294814,0.03841650966415333,177.43155041973176,11.554124592024168,389,1,5,154.69640710098807,588.6481652179532
2025-04-03 06:40:00,64.18879528993622,1.2876243863043075,0.01453292886388776,135.86900858886813,13.462908948427174,418,2,4,105.64319696135308,745.8556330173334
2025-04-03 06:45:00,68.15411481993175,5.538359585390118,0.014062697908539574,148.43835017495442,12.89768936107726,358,3,8,77.18874374448224,892.4774730875463
2025-04-03 06:50:00,82.29586206658007,1.830158184817596,0.013546921403894319,174.55355120180275,11.615244020989998,37,3,9,188.69712178387346,676.9380864411048
2025-04-03 06:55:00,78.53891523344559,2.324599415280482,0.020493862929076005,87.64305995259778,10.858978009633429,418,0,3,65.53957249962193,442.3097541245852
2025-04-03 07:00:00,67.80483629489231,0.41949397812557837,0.017349020526902778,102.06448640954582,11.423873563328947,227,2,4,131.4482605619608,266.1644860635838
2025-04-03 07:05:00,99.32576243964898,0.74811260333461,0.03464232684570523,153.5612006751709,11.136416596909733,201,2,3,97.10118879102674,784.0322699161883
2025-04-03 07:10:00,80.28874096784436,3.235499200867594,0.019902404122232983,165.96440188652838,10.704357151775415,349,4,7,90.71225112795088,286.10340339170807
2025-04-03 07:15:00,61.86133958679972,1.7082529583982502,0.01999047686526777,169.55913505970244,12.973331654262626,308,0,7,146.87522778753447,725.8874693214248
2025-04-03 07:20:00,55.089123631020186,5.201654615161565,0.005447703521307785,121.83157510033273,11.008279547400686,488,4,2,84.68554060865543,263.09045563408665
2025-04-03 07:25:00,57.642956959216605,0.15252455145898153,0.038690553999595985,86.64870944752161,11.816669880671055,253,0,0,187.45476601135934,181.948465278518
2025-04-03 07:30:00,62.29788641922541,2.394161776361564,0.00984145771079491,124.28039954835896,11.543437787344436,37,2,5,110.90658636486862,325.99020133588107
2025-04-03 07:35:00,58.03406866297779,2.137342823440433,0.002888350672291303,101.9193357423618,13.928309514542523,220,0,1,151.60630200945184,356.43682497260284
2025-04-03 07:40:00,59.32835120256529,0.1810324305739167,0.026108134136778868,108.44921713963541,11.564368976592881,499,0,1,159.16335759928768,682.488221045419
2025-04-03 07:45:00,64.25475843469235,0.8271983729079259,0.02343963352971309,160.40489613845062,10.31992993118702,186,0,2,152.44125419379952,244.79503096785302
2025-04-03 07:50:00,58.66867976473774,2.6066901693129862,0.0163443259122598,85.15692529079578,10.359303010288336,42,1,7,185.51003613395352,937.2762216881994
2025-04-03 07:55:00,94.83827123132126,3.094029521056674,0.01662175046710568,166.3787714879158,12.363014885412259,358,1,2,84.6696295408997,598.9255177080461
2025-04-03 08:00:00,54.01168728308211,2.5491549529609023,0.0309080450779901,123.18826126901027,12.397454206953062,113,2,6,62.90818170291518,541.8385577348189
2025-04-03 08:05:00,76.22556947851274,3.3282389341087515,0.007705226211987193,141.37490455886427,11.67503596193062,259,0,9,58.319854589757405,491.22506287753095
2025-04-03 08:10:00,70.51984134948307,3.7231329832814004,0.0322934551921922,86.68244097345334,11.727374769248119,4,2,9,181.67662257125372,609.9412122551719
2025-04-03 08:15:00,99.11893084543033,0.12318420911444111,0.025541238748758254,113.4347804625862,10.215730331363485,67,1,8,195.99305749087733,120.20227044560406
2025-04-03 08:20:00,55.60194510840262,2.917052305915353,0.016494881890677254,86.68769925360336,12.06618604155705,227,0,7,95.3789811807069,991.0777371211742
2025-04-03 08:25:00,69.89277995228709,5.989172919414661,0.018032632437768564,180.84672207115983,12.018957901521407,122,4,0,154.0270885362454,601.7719385748394
2025-04-03 08:30:00,98.47352166376845,3.2550020086701403,0.01010422621163731,164.18425812723507,10.598197274227779,172,1,6,51.33691762576233,131.67550192616
2025-04-03 08:35:00,93.27535629469901,4.2300877511050485,0.029610816489713167,126.64033747049771,10.41535754444371,335,1,6,78.29472651739817,630.9798442296399
2025-04-03 08:40:00,90.85360354746399,1.9805903568509493,0.020191929892032622,101.14907521895648,10.494289962397962,152,1,7,153.39115736924217,493.3708824607109
2025-04-03 08:45:00,62.895141352246995,4.823401486678186,0.012632075433515617,177.81315136698404,10.404112985965034,461,0,9,59.883070897284924,121.63392699976798
2025-04-03 08:50:00,58.54437936950329,4.81681994173695,0.023466552662520186,114.21643233851296,12.438832782147038,266,3,4,120.27650748797367,931.9858769417257
2025-04-03 08:55:00,83.43216099622154,3.2689277396263097,0.03920216495070579,94.38631862223647,10.785930609611675,156,4,9,149.38748965609233,109.51018486643201
2025-04-03 09:00:00,96.46879945637929,6.0661572853098,0.017136319476306488,137.82175395302713,11.005720608749854,161,4,8,164.89372569582758,620.0845091900393
2025-04-03 09:05:00,77.83814465069649,0.8344683987231185,0.03624771251779433,178.92760499724014,10.694288576605759,213,2,8,118.07238705865556,965.6116728636016
2025-04-03 09:10:00,78.580634473495,0.16639189605302795,0.01358334748951416,77.41367137403483,13.831341217794012,397,0,7,144.54260592445144,313.8440472847234
2025-04-03 09:15:00,63.998954683014205,4.7998214841574125,0.0021548321449073866,102.71748307143187,13.418469852607341,375,1,5,130.9363444343092,328.761166819237
2025-04-03 09:20:00,88.47464665959684,5.027413229738749,0.008041032151935681,178.35234516432405,10.921979349406083,407,3,5,57.84586581249816,100.38081570413712
2025-04-03 09:25:00,59.35218742787617,0.8016006330422276,0.016484069662325258,95.4772844205735,11.310265175688503,442,0,0,161.42070308897698,159.7160547891828
2025-04-03 09:30:00,66.18396182021218,1.695889257933388,0.00864704910226104,89.23029277710054,10.839571369219989,422,0,5,75.85428738280625,140.3995704193793
2025-04-03 09:35:00,71.27182193082083,0.17011174281710717,8.938517356542336e-06,138.58021930637886,11.967503837843296,25,3,3,54.7708296850762,840.390655319583
2025-04-03 09:40:00,75.38051893422275,1.8664464014143698,0.03602370204127392,170.07913291584163,10.078442129897015,426,1,3,117.67518744325584,853.0638129504271
2025-04-03 09:45:00,62.12048662075401,4.818175699453317,0.0332236168081028,128.52786031094402,12.685472035587182,291,0,1,179.84563809222655,754.0300757660705
2025-04-03 09:50:00,55.74184123696018,3.248409045546399,0.029224119382864254,184.41293972192867,12.092632599270566,422,4,3,72.62441564915429,417.4705112653829
2025-04-03 09:55:00,80.53100212208163,2.2034725175434664,0.006606877412043711,150.35054355010323,13.594555713204413,188,4,4,51.92863011754625,839.129004899958
2025-04-03 10:00:00,64.43152766201278,2.3489184724108894,0.004738726031744772,85.00008997872835,10.657570737313657,399,3,4,66.49688536481257,585.7970682185937
2025-04-03 10:05:00,79.06191107113061,0.07046402726801701,0.0026616057472026717,184.22587022165334,13.216436984244528,121,1,4,104.548867149741,373.8792488319309
2025-04-03 10:10:00,57.718135763710116,1.9063819007760083,0.028505101564908784,121.05257757226056,13.167844057866862,229,3,3,137.02578049869555,493.54909220295133
2025-04-03 10:15:00,74.05700509274087,4.038875176027995,0.036567262293078114,108.03947365531212,10.508724756867547,58,0,0,78.95182009788388,159.1909928511181
2025-04-03 10:20:00,76.62947162757929,6.054965239911275,0.016950238322928357,137.25095182641164,11.594236896576511,95,4,9,170.2946007533856,950.4178180749224
2025-04-03 10:25:00,52.591176841121346,5.272893527925745,0.004690580170551616,109.86521991665334,10.680610564578068,261,2,7,162.9945680823623,657.2047756166561
2025-04-03 10:30:00,66.83021390969603,0.20728324508989507,0.020172956591505108,86.33741076897645,11.018882001830196,353,3,2,154.37954248980486,758.1107304375155
2025-04-03 10:35:00,56.72073384694871,5.589698164725355,0.013733547079837014,77.15426105255109,11.052984699322177,311,2,1,123.1204712473316,708.9250333778889
2025-04-03 10:40:00,53.168748523638385,4.880039234570827,0.014756894754151843,125.55500211538833,12.22494557610309,135,2,8,104.78254327009779,700.9749860688826
2025-04-03 10:45:00,99.49801161949726,4.862677713566295,0.02446184880607261,167.38124960047196,11.645643727041861,349,4,6,106.33799314472162,115.53488694751609
2025-04-03 10:50:00,66.11769224873615,2.879531399401301,0.028296003990944233,138.81004004804828,13.790931216025221,282,3,8,125.46058024336,572.834151806362
2025-04-03 10:55:00,90.49372229273175,2.5104956741954805,0.00435447474799623,184.91438828589162,10.50548056778802,454,2,1,61.59720303239818,839.5392057629807
2025-04-03 11:00:00,62.732032738188195,1.9255452884740165,0.0014011909458740558,107.9794377298976,13.894768539400795,410,0,8,152.34581943005918,140.06696627043993
2025-04-03 11:05:00,84.07513611119646,0.4662638140129988,0.03914688344976686,107.28914699408598,10.922554560857055,472,1,9,102.72613160139531,960.5491154994436
2025-04-03 11:10:00,88.01139299448432,1.466143576889489,0.009162538369640167,94.25294170526598,13.091495745527412,119,1,8,83.7138166908033,481.74371470539023
2025-04-03 11:15:00,79.78193703039221,1.5791373379723086,0.0021193131486985247,94.71886753265619,11.355879704691286,429,4,8,91.74906057479583,360.9059428462341
2025-04-03 11:20:00,73.57880942750792,3.0399724835406867,0.007475410694039278,107.80015236908517,10.572325581669256,424,3,9,77.04414279293267,578.6392254777486
2025-04-03 11:25:00,70.59204570736343,4.660095855876804,0.0015337743065236711,162.62672488954092,13.43155674098496,462,3,9,185.2352128291683,821.0927690587326
2025-04-03 11:30:00,67.44341332714977,2.9768128001264587,0.01542563410216751,174.82173338873636,11.235443596945853,24,1,3,75.35562745438266,527.2795555917738
2025-04-03 11:35:00,96.4764572123913,0.41797144763457317,0.03159063849402708,182.30941432842957,12.635421616907369,341,0,9,182.4389178342294,680.5951089277527
2025-04-03 11:40:00,91.53097038938645,5.9540508836554284,0.013434828111406436,102.08728264241688,12.265774740346506,145,1,2,135.83650939526768,549.922949080174
2025-04-03 11:45:00,98.25134553332563,5.861374473510294,0.01748754514714198,172.1801349263219,11.887025237563497,11,1,5,180.11764330832904,668.1450309770432
2025-04-03 11:50:00,56.21486117427724,4.89228781499513,0.02659791883402742,112.4515496419524,11.983277890594156,86,3,2,121.10963253582682,224.22782367697292
2025-04-03 11:55:00,86.54337376018222,6.1603629542763265,0.02003521042805819,89.18677880782352,12.92895165636915,434,2,8,189.14505792216104,134.79704756028997
2025-04-03 12:00:00,96.91702284105189,3.411559862982878,0.033915202803228135,170.96269195617788,10.351091656493763,108,0,2,81.72361154125252,223.21126512765346
2025-04-03 12:05:00,59.061653308283006,5.98467679239533,0.034095911130118936,145.69940854151082,12.67272264783162,422,3,1,133.2037629270912,357.25433019753586
2025-04-03 12:10:00,53.32481336833887,0.5272270189614033,0.000390185072556268,94.79093677675466,13.583248405594315,344,1,7,68.87580357705036,328.02045620329613
2025-04-03 12:15:00,87.05603246450295,2.311648881056374,0.030631760890874198,123.42177581140427,10.231152788079456,265,2,5,117.08304278035465,653.6578146945823
2025-04-03 12:20:00,78.7236556589956,1.448586400438058,0.018139127914874723,108.0238310467233,10.562613356934667,221,0,7,135.48555449702636,510.30048172081683
2025-04-03 12:25:00,92.0914388379136,1.2668185932837956,0.03893075099517934,156.57381342070127,12.866527746808126,73,4,6,140.8512833259758,134.93078292416232
2025-04-03 12:30:00,56.988618831314476,0.9282967046482713,0.01902489515042347,125.96895290742094,11.74912659297847,481,0,2,104.82931953609187,131.379315685323
2025-04-03 12:35:00,89.76336559299452,3.8909599900476985,0.03885419205953181,183.84223407148957,11.614194483254753,493,0,7,61.450346324967924,181.5292019085992
2025-04-03 12:40:00,60.08136600238723,4.868495453992831,0.02970747120760597,82.91245808403627,10.547866538176944,332,1,9,148.2989107073979,417.77304166077937
2025-04-03 12:45:00,58.18279714328523,3.6195818619876663,0.009787599167714331,115.34164874271464,12.027080162871153,309,1,0,123.26477906799167,105.5646558673565
2025-04-03 12:50:00,58.21328989654965,0.9661889216134009,0.02119666417402545,129.04521804787757,10.506181244785509,412,4,0,70.53182999558854,544.5885388871263
2025-04-03 12:55:00,90.72873601156911,5.051824101668575,0.03906047933983575,131.33842391281854,11.906481825242162,101,4,9,190.38139541091493,424.60269787837245
2025-04-03 13:00:00,83.25986103481,3.9742588422158276,0.03376106578025401,111.12106881764878,13.054461195846628,424,4,7,193.3502993275165,599.8971721967437
2025-04-03 13:05:00,76.15327123845597,2.4499667385201898,0.0038333443452497535,155.75794690253733,11.033057431548654,492,3,8,178.49094197470535,748.7427052745207
2025-04-03 13:10:00,67.94152420617513,4.209098757088636,0.027809936151609226,171.47268393680926,11.923144672718909,136,3,9,176.58024507763963,325.875533931869
2025-04-03 13:15:00,93.86002704065541,1.6609615268852733,0.013605502853692497,178.38168461360922,13.968063877587342,190,1,5,64.80069138020842,241.37528286601872
2025-04-03 13:20:00,69.62225537113177,2.1856121350641353,0.0002748923484554934,163.95008469434882,12.74660169341615,460,1,4,199.01301643738518,350.24820036704875
2025-04-03 13:25:00,90.82997197357886,5.706118148744402,0.015885086098689875,168.86266130911275,13.365427085220794,420,4,1,110.05710197955975,101.58686375671495
2025-04-03 13:30:00,71.95674542851091,1.849196744416206,0.009242305058754292,136.45889246695953,11.659390426242183,141,3,8,74.46816738006703,208.01165997320265
2025-04-03 13:35:00,68.84722147124538,2.9533041937182953,0.032238965067318014,166.195928454096,13.071443692503422,356,2,5,171.81525923258317,775.747327317701
2025-04-03 13:40:00,73.13398928348032,5.5379051979805,0.013280739803318672,109.77842218797883,10.162036691765287,72,3,7,83.85961526945869,300.5261581602566
2025-04-03 13:45:00,65.0688937082071,4.415736579057129,0.03257969058333117,120.03570630779515,10.49164473016898,327,1,8,128.92629810043871,994.8696704236347
2025-04-03 13:50:00,87.38046900881255,0.4447847803673564,2.3540911719774775e-05,111.2266054924028,10.812282371680249,166,3,8,69.20240978051545,251.04836922832826
2025-04-03 13:55:00,75.13601950462396,0.9682825152740141,0.012118870718443312,127.47783222837595,11.607807698460878,167,1,7,121.19685849138328,809.8945440089441
2025-04-03 14:00:00,61.61063475734086,0.11037521728541358,0.009494698603818017,107.84259855377273,13.382979513303052,53,4,9,133.72122401044135,734.540024642981
2025-04-03 14:05:00,94.97872866372842,3.943298486793206,0.00919557036200732,180.85403576348025,11.385064203151721,258,4,7,116.8885939927014,389.91892853467687
2025-04-03 14:10:00,69.19456106866056,2.8160328118049005,0.002684514038828243,110.78721982461215,12.618484774061852,438,4,2,60.42302371289795,397.6652292093687
2025-04-03 14:15:00,77.17764305569943,0.8881386339619789,0.007367101238488494,87.5888101159815,12.837257179213934,110,2,2,122.7408545874145,607.1964228703941
2025-04-03 14:20:00,95.32360554822735,5.954938679078149,0.02187204212135384,133.89625393344465,12.344729416353365,231,2,1,120.34142651612237,867.1366877343025
2025-04-03 14:25:00,81.21189979569961,3.3203775040453567,0.011470914573729283,83.16670047207904,11.428967872680545,160,1,0,89.24304159360108,447.56824970751796
2025-04-03 14:30:00,55.8449020354182,1.5501613327565786,0.01643287431977679,88.93866196132669,12.308213366854178,351,0,3,188.24023994861548,155.0618928265659
2025-04-03 14:35:00,96.99160618067376,3.1416364619585204,0.014837286765956846,100.69405403319459,11.369062371158986,326,2,1,112.66884990473841,436.97725921206705
2025-04-03 14:40:00,81.38540265357089,4.242871121142272,0.03448446448773835,127.14982698727131,10.335494954208048,18,1,1,179.61736942945777,286.5814059184672
2025-04-03 14:45:00,66.7452807328543,0.5311282072033722,0.03564171212094389,123.79110068937501,13.971215912744057,289,3,4,66.44957444501628,945.2863153585157
2025-04-03 14:50:00,56.96360363316936,1.7519976441752245,0.019407765269788376,163.36672109630143,10.508729814530044,461,4,3,97.83159263092722,727.5469117383528
2025-04-03 14:55:00,89.7012594635148,5.026244144957173,0.012998272779520377,156.86326261948426,10.28939353534423,49,4,0,76.449628065206,145.74939779201378
2025-04-03 15:00:00,81.00363779642568,2.889799059851023,0.004204754396643457,123.04237575099575,13.514122996828624,174,4,8,111.26161817722888,363.6896835363458
2025-04-03 15:05:00,76.67305459881608,3.424446234685316,0.03753556670156102,113.04005441816803,11.20733864357158,301,1,3,66.74550307563179,145.19436842872625
2025-04-03 15:10:00,94.69462915254789,2.724636289878111,0.0023711408434192007,111.17862867864184,12.60118789629403,183,4,4,116.15522087684307,847.0150033373073
2025-04-03 15:15:00,89.42986056122655,0.3321907974742647,0.011718521192890958,160.59146942775297,11.316022918648931,184,2,6,103.08061151723544,915.6667617164447
2025-04-03 15:20:00,57.58374398663756,1.0817589537226382,0.01173489614668318,82.62381987189713,11.565817083177885,338,3,1,83.49725709110078,201.05164525516693
2025-04-03 15:25:00,65.5861033897774,2.802918970706206,0.012614230675468874,78.38473814714543,11.048451888067186,306,4,7,146.32691179254726,496.26104140782655
2025-04-03 15:30:00,62.424456990723286,1.3489567400772962,0.00646798944831908,162.918794328078,11.372176023172042,309,1,1,192.6367232221748,938.6949536527833
2025-04-03 15:35:00,87.19731462863385,0.3695867382712031,0.030833143851609048,128.53180860681732,11.642801602346172,345,3,9,81.06702103243803,230.6905180432035
2025-04-03 15:40:00,51.67662173678897,5.251909510475303,0.004822753075387192,91.1351629637862,12.88166427636937,80,4,4,156.76862598476754,362.7132315906834
2025-04-03 15:45:00,78.49448424356582,6.098014472088434,0.024996338661525935,102.44112093620615,12.046144776939167,373,0,1,161.35713338851144,373.84718515539026
2025-04-03 15:50:00,88.12293428703452,4.941213309506457,0.004875830456010703,177.71042693451733,13.774260868627907,155,4,1,124.71807746387937,127.05248098179865
2025-04-03 15:55:00,93.83828183808748,5.3142572867870514,0.0027769951055984588,169.82632136748902,10.167521575355103,274,2,3,184.65025191508505,132.6459112209916
2025-04-03 16:00:00,67.10408743579538,1.5506770572781048,0.03580433050306332,153.65678542418902,12.012273290528112,282,3,3,194.95850990972602,957.5135443746216
2025-04-03 16:05:00,91.06286523360063,5.971503969575963,0.007485388542844074,129.08032487643126,12.336899155326872,431,2,7,104.33696780807742,613.9833480876287
2025-04-03 16:10:00,55.53158684776036,1.2735399268291194,0.03233270071003101,133.19495162866966,13.680787944297096,499,0,5,147.65499470047814,375.9834892857561
2025-04-03 16:15:00,92.3226145867259,5.914926937673987,0.021442171858575047,182.32640981066754,10.19663409448571,248,0,9,149.33189268501684,440.80719463592607
2025-04-03 16:20:00,56.37443311659912,6.181840509158078,0.00306521896264922,181.303207939503,12.293998339740863,146,2,7,110.54532893787568,743.3586359605218
2025-04-03 16:25:00,69.86436452801837,4.440351824139357,0.03761609084173586,100.24905694487009,13.414519714111828,480,3,6,97.51866117419212,429.86548319915835
2025-04-03 16:30:00,89.86476828897767,6.09771429149544,0.009722885840587508,164.59929316097436,10.967710912476946,434,0,9,190.06162973417202,304.98436278395945
2025-04-03 16:35:00,57.49587136743869,3.5657025734569685,0.03384432321106665,98.30220794603781,13.50516939409575,6,0,3,168.4972323969013,191.65360743981947
2025-04-03 16:40:00,61.462569761632075,1.6587272998037135,0.00664606680873887,100.06204761146674,10.076173637097167,156,4,1,67.16968489618162,756.0397105462334
2025-04-03 16:45:00,86.1126284196533,2.750349147672132,0.03361981666421296,150.01804768977428,12.929818516534919,170,1,8,67.98261073773305,262.5085150077023
2025-04-03 16:50:00,86.00182682730372,3.7134704645747907,0.0005208196869627147,120.74011864745522,13.732452884674611,68,0,1,188.381415327924,162.68344293366783
2025-04-03 16:55:00,82.05738164426486,0.5117036564550546,0.02014884775318611,177.60679596750418,12.62879064656025,93,3,0,62.211464754038666,484.2590009468293
2025-04-03 17:00:00,84.697422223355,3.89052706111698,0.03029303129608463,86.61305136876896,11.756116975921792,368,3,7,153.2632019364749,135.6138656302184
2025-04-03 17:05:00,77.13622216737981,6.097924090707554,0.03680299300324263,132.24476920742524,10.179524065890872,362,4,9,84.01373704166176,968.4982525085981
2025-04-03 17:10:00,62.58995294534763,1.23159816649227,0.03579537902266301,176.20032528785708,13.680455253290514,375,3,8,55.2778014112428,664.5636708173558
2025-04-03 17:15:00,67.28479967519597,4.937843738031967,0.032268713076577735,174.64427533178656,11.8811848907663,185,4,0,58.94563191201353,237.42712940190472
2025-04-03 17:20:00,59.079885840071285,5.647142715757395,0.0349681822553005,93.90515504890006,10.115986977343791,391,0,6,106.02831555193431,255.20867780361473
2025-04-03 17:25:00,95.42252806668142,5.8673862440797055,0.007843298953374284,116.59687161041731,12.759284285315047,169,0,1,61.638267753404705,612.8456322455609
2025-04-03 17:30:00,79.16958973830603,5.96848126438567,0.011188364140600333,143.8651112050432,11.927349014305033,203,0,5,139.49587999001812,420.90918160401424
2025-04-03 17:35:00,70.042570838182,3.269934082002797,0.011376719722994566,94.21464755531144,10.497381269769644,41,0,4,147.08817670611134,796.8400697689423
2025-04-03 17:40:00,73.10029018220663,6.074117941756227,0.014844650968929982,181.54639458093976,10.85708723724104,12,1,0,106.02028579745735,591.225837057025
2025-04-03 17:45:00,97.36416698059077,4.7207860471016,0.015485074125131917,175.79292750258733,10.257962721823386,153,1,1,161.4317113577526,490.00048797244716
2025-04-03 17:50:00,57.66757015580401,1.0566707258593728,0.02143919758718704,95.03061933572266,12.297174158834295,273,0,1,123.50637802543659,966.6822232587444
2025-04-03 17:55:00,79.31149160083986,2.9958228709554784,0.0062944822717131334,90.08478981618643,12.488117917008037,297,3,9,114.53427551031231,451.6561505887201
2025-04-03 18:00:00,75.2944339442233,4.481003691643567,0.027214450277920778,86.22411614329265,12.022969193421778,50,4,9,111.04821331851875,460.5498314176092
2025-04-03 18:05:00,80.57271177173239,1.5836690838701144,0.006597111409072351,175.21991571595615,13.26840853201046,499,2,5,114.6659731018306,699.1951789547102
2025-04-03 18:10:00,50.90550919104203,4.002928102447861,0.012216875971304246,97.91137145790977,13.444035285232054,368,4,0,195.18314749016278,828.5307257099514
2025-04-03 18:15:00,93.60619544720757,4.162778542030201,0.019816748126477345,121.9587722827903,12.462497586732507,211,2,3,152.21105900576566,663.5934917726908
2025-04-03 18:20:00,96.60591412418063,1.0629964348497167,0.03135594455123545,125.47594749041632,10.051025918829723,143,2,9,97.281477074165,728.7491998489857
2025-04-03 18:25:00,78.25665917946044,3.538300594272408,0.029112977659532014,141.69319277506528,12.780918622990942,356,0,4,160.0789805308348,435.63841170995005
2025-04-03 18:30:00,84.8325411938446,4.8088562944867155,0.0254147521653179,84.74741712472189,11.671996867681406,2,2,1,99.5401082484374,531.5471528304338
2025-04-03 18:35:00,96.12496905886479,3.1311301498867916,0.006132808846367357,101.48993067925574,12.262229932905548,253,0,1,68.85723616770143,277.331577821167
2025-04-03 18:40:00,85.36193171566993,0.13659030516543783,0.021537229961419855,177.60096178724402,12.596322408075537,474,1,6,121.30405361834737,712.2218416286712
2025-04-03 18:45:00,57.62695214571307,0.11773790144566171,0.00344277752051167,175.1082915850055,11.400946457308308,334,3,6,162.65357887076212,299.30674638403855
2025-04-03 18:50:00,78.81441800834065,2.2584291368707055,0.01485682600680182,161.37938991981474,13.668394020687177,255,2,5,106.64898663309819,101.13111585443006
2025-04-03 18:55:00,80.3357523191428,5.759687431505696,0.01628018714916872,79.09533452676726,10.535899466999124,97,3,0,180.37612130710144,940.385907826076
2025-04-03 19:00:00,71.2065335651193,1.4688589802688325,0.0015673803521232728,112.31673099757901,12.68604722912415,172,0,2,108.04290561316398,375.41371709309846
2025-04-03 19:05:00,86.82221178123615,3.9644715772071017,0.010786938874942737,144.81954341703403,10.017438319826322,149,2,8,102.47585382600977,276.9688382194021
2025-04-03 19:10:00,96.71835073845074,1.428253007900935,0.03762401509122841,106.72054287153537,13.698604421620724,487,4,9,199.73658707949,341.3320578691983
2025-04-03 19:15:00,96.27842564533881,2.04091349113296,0.037544611133515655,175.23536306580795,10.450016532952366,278,1,0,122.37080344850982,397.4029278567828
2025-04-03 19:20:00,72.5419685702066,5.27892983645186,0.013871151358627896,145.4600618779037,10.379536920590299,58,1,1,170.78318145702593,527.0917838033563
2025-04-03 19:25:00,55.661902292037766,4.545781396122719,0.0016968555993064128,84.76592547017613,11.332030532208977,445,2,7,170.74820840898838,162.41650391673696
2025-04-03 19:30:00,99.24205994811672,0.6489927089995314,0.00705098567084444,175.17260359425592,11.494265144156323,112,1,6,188.9554005648769,147.40584058490577
2025-04-03 19:35:00,91.94490432229671,2.6993288344753763,0.015441653749257817,180.43879908303205,10.857200289291514,323,4,8,62.73425816754555,363.61968898426534
2025-04-03 19:40:00,56.233134060163344,0.24157702753961416,0.03731418148701837,85.39294118630635,12.340486643708498,242,3,9,90.68304146402635,366.18951807738625
2025-04-03 19:45:00,96.04209413086862,3.020367893720097,0.0055590212513653234,134.49490536502202,11.771656392167854,309,4,3,165.1622137319651,205.88160503281154
2025-04-03 19:50:00,93.49481810310641,4.137148214418573,0.03005969511680188,109.7633424791304,10.13670235616435,56,1,3,134.39022385978473,464.3124348884808
2025-04-03 19:55:00,75.94190285630361,0.7911146279052897,0.004278842443435564,119.42662025999145,11.278608249021202,488,3,6,133.94224135318007,355.62580138250405
2025-04-03 20:00:00,79.56377178724647,1.8392338614117794,0.038632208947652305,96.40233153917691,13.241731654292682,406,4,0,74.93229528053612,123.4499975155631
2025-04-03 20:05:00,69.95013519350651,2.5094581040665176,0.015024279731576554,139.43178701734055,12.758806139447474,366,0,9,92.17295211708947,897.1487023789997
2025-04-03 20:10:00,52.73808194110157,5.718699231983388,0.030521061319909726,180.4617701508802,12.899483414319523,59,0,8,128.20011285751016,897.4171162392314
2025-04-03 20:15:00,66.75986208229504,6.172217735664987,0.013487845189382541,131.33184082933377,12.792467696334095,328,3,1,91.57720470119318,288.2640276221266
2025-04-03 20:20:00,90.14267242990057,0.3384122298052277,0.02471138646063001,85.95477479060396,11.243892085532133,215,3,0,81.54241890480726,246.5850053479131
2025-04-03 20:25:00,50.23160115023014,4.743532818859527,0.00755969245782372,143.9601440155601,10.398655688307104,468,3,6,63.16340836549942,592.5634879122836
2025-04-03 20:30:00,66.6749585845572,2.3488247931584554,0.005748862131823344,113.74408340073576,11.089868736132384,232,0,5,73.35890178850184,667.6781526832877
2025-04-03 20:35:00,69.90843467954717,2.4763722427924226,0.03693167898121128,169.43992047586016,13.327141200740638,493,4,2,165.33016437379595,961.7883017023655
2025-04-03 20:40:00,76.86978014689615,4.702053069460767,0.036127865095825336,123.9452400181788,13.921883191132284,54,3,0,157.81687708770733,439.6136109758313
2025-04-03 20:45:00,95.99278082063802,5.7119042506293844,0.034939740923075197,97.82667776576253,11.975388058966246,372,0,4,56.87505265230674,656.3803085781026
2025-04-03 20:50:00,67.31729971829806,5.911843671776966,0.0246233774764038,97.63940725064364,10.038801419692168,207,3,9,80.49261280161664,890.3629412238786
2025-04-03 20:55:00,67.34766009481139,3.6123487602512525,0.031821600302405995,160.02653151788533,10.560179248536915,62,3,3,134.06830200990743,504.958407202765
2025-04-03 21:00:00,86.87506240548743,2.2589939455695562,0.0027179911098945213,105.68346061719487,11.288322301265064,183,3,4,98.39417663551598,210.11117604159344
2025-04-03 21:05:00,72.61089704449036,4.90680271398864,0.013180678058140226,159.86120656919607,12.314341394371798,310,0,0,173.48744040192958,439.7025572469768
2025-04-03 21:10:00,61.2302411469991,1.60619040713888,0.012350523392001716,99.23582956279274,10.300374583221256,280,4,0,167.74839614932205,222.91023403297035
2025-04-03 21:15:00,72.62197580663467,3.5320796093660864,0.02502541988980658,111.74212781974141,13.773429194839526,25,0,4,183.73708369371644,114.97551778175526
2025-04-03 21:20:00,57.04285101898999,2.2679586464401025,0.014014093137316464,127.27259302348753,11.460334693137604,176,0,5,134.4396847257674,776.3977507141236
2025-04-03 21:25:00,58.819349325311165,4.101451018319273,0.005846726843989877,178.86515176689267,13.650336871699292,62,3,4,102.81147197136477,314.58133044581996
2025-04-03 21:30:00,74.91838863697399,1.5409685377451579,0.023482968405738755,177.62699387341306,13.122087211028088,428,2,1,140.90970442773767,101.80634125507663
2025-04-03 21:35:00,70.9462724752274,1.240735072813525,0.032062376395133804,99.34216254560708,13.021749090062325,72,2,8,63.37050196181867,885.1891217816305
2025-04-03 21:40:00,95.742295053405,5.71075178131337,0.015044240189238589,115.68765645425187,12.426878319128928,334,2,4,51.43790266122014,499.4099546418153
2025-04-03 21:45:00,68.11969495583165,0.6883898771525633,0.005207432540298734,93.1351339530074,12.507135268207378,166,0,4,52.56402801805331,314.9738916699027
2025-04-03 21:50:00,79.02941751390217,3.1745740537629055,0.007743633997025575,132.0783885658577,12.552012940864993,224,3,9,111.13144069013242,336.51097511987734
2025-04-03 21:55:00,81.61321439597651,1.4207290945648274,0.009349741472849164,126.74291547502398,12.514885548102328,64,2,8,84.21163911545949,316.48410397454523
2025-04-03 22:00:00,50.654722829416684,0.3016176073921698,0.01180699822595419,174.28209754467912,12.214912925593445,68,1,2,73.60065587000716,275.10054507034477
2025-04-03 22:05:00,83.17686860083553,0.2837094864915629,0.02530690620534044,177.44058080143583,13.945656073931556,439,1,4,142.29890234272557,857.1036021168668
2025-04-03 22:10:00,58.90179834348757,1.1400266047761836,0.02365928382079845,118.42527822878755,12.929162269702784,8,1,4,199.26425639197717,253.2984709328826
2025-04-03 22:15:00,98.05351587347275,5.394138123302504,0.027404733757880488,130.10769784605085,13.107785553570086,235,4,1,76.66298054233046,605.6692154914588
2025-04-03 22:20:00,57.43313638765565,1.7998256862751156,0.014271739381204126,173.79351490778237,13.489851260334696,197,3,3,131.9632136320908,169.5882202049686
2025-04-03 22:25:00,70.73120618635119,5.908955976267467,0.03244086995427993,164.12444323646665,10.862559050903396,411,0,1,67.95912709998407,954.5692385607402
2025-04-03 22:30:00,54.26748340393219,3.640029035588183,0.008034951628468397,77.39488162522213,10.335216636380244,172,0,4,190.13546616082084,642.9825140013296
2025-04-03 22:35:00,99.84371259229736,2.7480011175369987,0.018466181133864473,111.56643293182691,11.931577746394394,281,3,9,93.76327528558775,912.837260082064
2025-04-03 22:40:00,75.10975051656213,3.6305958549451973,0.031533037560958266,122.5516181291016,12.056322782477093,27,4,1,181.75097300650677,458.0900015279457
2025-04-03 22:45:00,79.76925086600218,3.2406448840316693,0.007092863977097992,101.80935863778902,13.31672711979967,295,3,9,92.46146588755653,829.6048510861702
2025-04-03 22:50:00,53.353823869421376,4.729804539777085,0.004325321774285998,98.55373451676138,11.775134317129343,398,4,8,170.90787202800794,868.2890315043801
2025-04-03 22:55:00,87.49802351995889,1.79993224379521,0.03479072617627292,81.0807267123334,12.283412102177252,133,2,9,81.4072000168659,732.6543620608029
2025-04-03 23:00:00,60.49527965477929,2.233952321302808,0.013501175115795818,146.48393030753414,12.108283754053833,26,2,5,93.91841452301665,183.6527198083357
2025-04-03 23:05:00,94.90271447203568,5.5622233815079465,0.02692403520468108,105.35111137218189,10.152811135029564,37,4,7,78.8713048105451,114.47207776531538
2025-04-03 23:10:00,60.25698202410036,5.884333337324528,0.0009979770847316843,82.65349527058181,12.460859586387656,195,3,8,89.63898167744836,251.70370485059962
2025-04-03 23:15:00,59.534386033183324,5.552774103877831,0.027167215001368872,101.94576553703088,13.31217314309701,202,2,7,175.2298632999973,206.2870812700106
2025-04-03 23:20:00,51.827483392404744,2.6424020125871737,0.012444940245735383,163.60670690630167,10.630002192303216,84,3,4,145.85487463200462,752.6238977798594
2025-04-03 23:25:00,73.60334725549995,4.862612380392002,0.00219452297982294,168.96083161782704,12.377326935706384,319,2,4,110.8819503255836,601.3061386204084
2025-04-03 23:30:00,78.24205666313082,2.9923510882766666,0.02400838940342552,129.17115448087668,12.374442177785657,29,3,5,195.72815406232343,573.3557780910453
2025-04-03 23:35:00,53.285431971417616,3.122789771131969,0.009480470319182437,121.9356324041381,10.656739856225435,465,3,0,119.72922906943606,327.5805702953265
2025-04-03 23:40:00,88.77638083475053,1.3212417120458326,0.01522863980030672,182.6081988981924,10.493854294922944,98,1,7,195.4639956888277,239.14678306333747
2025-04-03 23:45:00,72.66444173740138,3.6985182538938712,0.0031724746378012686,98.66098323551155,13.92020777190594,386,4,1,79.48803843662904,285.89317279200634
2025-04-03 23:50:00,76.219513466379,1.207165644336666,0.0057938319119331064,100.25880254829772,11.57487667861215,189,0,5,185.6957640672424,460.2493066730321
2025-04-03 23:55:00,72.03813734691141,2.101781517378405,0.011731393559194917,108.52165511993118,10.909686914894117,11,4,8,52.073330614624204,766.1288860848576
2025-04-04 00:00:00,70.0381530437663,5.321917716966729,0.003533840513003442,95.65779037435743,10.6852981778175,90,3,2,131.79548035486363,329.0649548828229
2025-04-04 00:05:00,77.9820165654109,1.3359790361870674,0.035859321123326696,117.97148460605214,12.67040685433294,29,3,1,113.45785914380221,728.7517011328481
2025-04-04 00:10:00,57.76201229653562,0.4998724786833611,0.0002380726948575487,175.37009651489342,12.437781189309115,212,4,9,128.7631768207969,542.3606383643591
2025-04-04 00:15:00,59.09640652476355,0.48664233661124096,0.019049625202709825,143.45756678788604,12.574208491949669,37,3,4,133.01672479215483,896.8967636597137
2025-04-04 00:20:00,93.08928105067587,5.849441661066413,0.004852264751424363,121.49022725012448,10.352024110045809,340,2,8,108.35470311015663,309.62310480013
2025-04-04 00:25:00,97.30577310668164,3.1804951286221534,0.012113356520655781,177.91636581369121,13.574138333993748,59,3,5,199.72967703291428,505.771014355848
2025-04-04 00:30:00,68.66546581398765,2.5806653059224236,0.036459057476001096,82.2341371073888,11.557065587236194,293,4,7,196.47607854509388,186.99829044910396
2025-04-04 00:35:00,63.53723365717769,5.050315804118766,0.00636593073185219,99.70982721340104,11.253477625721432,359,4,7,194.26180650568926,401.6378283600886
2025-04-04 00:40:00,82.19997716195078,5.203781227251684,0.038024915010542726,138.11596935098999,11.849445788990957,142,4,6,196.86275710648817,556.1923996289827
2025-04-04 00:45:00,70.43670855490481,2.105634456936956,0.008102145201511231,143.47968330486336,11.560264262990513,401,1,4,168.95185981540976,759.4661929022132
2025-04-04 00:50:00,51.26931778301724,4.328979145306441,0.029195531846949927,81.27221070876222,13.454308012556584,179,1,1,198.28857185394978,278.2694080527686
2025-04-04 00:55:00,57.80762986830952,4.805755316566156,0.02152273858673365,120.52818585397026,13.717043900791568,284,1,9,183.8540337912713,296.2829155658193
2025-04-04 01:00:00,85.79861144236988,4.089268524290992,0.03482201595335717,147.10862820173423,11.213812865798424,111,1,9,112.38989555486316,668.4200564689444
2025-04-04 01:05:00,82.94619709550757,0.9946852539137643,0.021810769868483813,152.39161901156737,13.455743229839818,229,1,4,167.71656625751115,444.2120051088804
2025-04-04 01:10:00,51.354799625174174,5.450195740131965,0.021045649914105787,145.91910947175708,13.126092518132268,443,1,6,186.81017676884386,533.885380509113
2025-04-04 01:15:00,61.098608096647474,3.378416541148452,0.00769520102030394,111.62082823097985,13.723230689379047,20,1,6,156.89091103806388,852.5213819008666
2025-04-04 01:20:00,61.55373982940357,1.79978682305496,0.006544466606910009,87.10017334857423,10.983001248743552,144,4,1,113.41735108484059,549.1749709580727
2025-04-04 01:25:00,83.59463717993643,2.6779592818546925,0.036082269528332905,123.12814421328808,12.307836600483917,488,0,6,59.86853630246379,687.249442548254
2025-04-04 01:30:00,50.98552688771821,0.29325840152136884,0.012907022672545726,90.90547923575,11.098178338961779,498,1,5,171.45454055908814,691.097537493975
2025-04-04 01:35:00,55.205429099228695,0.8487190492095109,0.014648915586114709,179.34335512023205,13.296377961937496,145,4,6,192.91143096897054,823.2507486604164
2025-04-04 01:40:00,89.99580426865947,4.771453744156431,0.02991433341469149,128.31845353044386,10.021296762284257,440,0,7,104.36948903448896,674.3255396419218
2025-04-04 01:45:00,58.927233102716684,0.06220867204580849,0.013339514385334168,111.2639908305417,12.259276651545584,374,1,3,72.78590764834094,158.32884308847625
2025-04-04 01:50:00,82.63730539259373,2.6246721615577164,0.0374827937304222,159.7608396808412,11.356813725087672,420,0,0,98.97557592058337,407.9556844181561
2025-04-04 01:55:00,61.90913905233633,3.2763965699401987,0.029052290058259666,130.7784479988845,11.290734828311281,315,0,7,137.39335372673693,990.384565158289
2025-04-04 02:00:00,54.97206963796726,0.39822471748519916,0.023520849023039803,110.4836745933446,12.579625295459667,165,2,7,97.53935049233542,276.8592599271269
2025-04-04 02:05:00,62.1586095499727,6.048098356922386,0.034680930560162956,164.69251617820657,13.405937797255977,139,3,2,141.5928095294531,628.0561705732197
2025-04-04 02:10:00,86.11334659278296,1.4531635597190051,0.001952989572309971,170.65243230812118,12.436781565573305,202,2,2,195.02783483669458,858.6465758895354
2025-04-04 02:15:00,92.78482340531428,1.9334376999292433,0.010120583897758367,149.68488195917712,13.41269191458689,495,0,4,150.61017399615238,627.9027046726186
2025-04-04 02:20:00,91.51099322834958,1.931861621545944,0.018308526981910645,82.07215762002807,11.05838844752412,243,4,2,104.39890494284325,435.0432323140095
2025-04-04 02:25:00,69.85917648092274,1.4795619943895464,0.00893616779684773,138.16287105798546,12.078007419059924,112,1,4,190.36294572073024,172.20570644593516
2025-04-04 02:30:00,83.40425682853231,0.07120342400557478,0.02928762161460445,159.43585049570643,11.802146156268304,467,3,7,134.8452903051716,425.49841228248545
2025-04-04 02:35:00,60.24921477079105,4.548754770067799,0.036189312103388264,91.74232530502687,10.046579598012386,200,1,0,69.255859779885,263.8607604168606
2025-04-04 02:40:00,64.65738651305067,6.0097576750522395,0.016683871998692448,101.69644114953715,12.22724857256296,384,4,1,124.84715077906424,964.776534653782
2025-04-04 02:45:00,94.81679092605599,1.4418948134228864,0.013469794679665314,172.30947134735874,12.6460972965847,313,3,1,148.04546673650748,743.5286574024577
2025-04-04 02:50:00,50.6500961755368,4.140920236519036,0.03785634847932919,79.17314596013199,12.36765761767628,258,2,3,175.7381548725108,774.444838923876
2025-04-04 02:55:00,54.2754265427234,4.625966439528772,0.017513884765663564,158.2945308852054,12.945119595133686,254,0,8,190.4715180061471,492.3723394003403
2025-04-04 03:00:00,60.394312757301364,5.281287669685499,0.019253884430528324,128.16751559155767,12.285358113812308,446,4,1,97.61242005745778,198.96834531853554
2025-04-04 03:05:00,51.32661019369099,2.6619714150976788,0.013844490639088047,125.25139315467754,10.267001019403027,404,0,8,73.32685461185552,340.0448375505889
2025-04-04 03:10:00,59.071771754489866,1.9256386497101217,0.03580901433733519,77.76642550944781,10.465782096338845,22,0,6,61.07429632908236,333.7399936596971
2025-04-04 03:15:00,79.15207804848461,2.063213830957946,0.022399834272354792,165.49500894438123,12.38589831017581,392,1,9,160.75319040624242,538.1014157213892
2025-04-04 03:20:00,71.0712275296249,4.445879180650684,0.030006889714800068,115.86108926874918,11.09991676789456,245,4,7,169.2737379073148,514.8818080240214
2025-04-04 03:25:00,94.63358555384875,5.086615531432528,0.03196091168214623,135.40268818045863,10.318580516139063,338,0,0,111.40596903922503,490.0673956346563
2025-04-04 03:30:00,90.87217808692205,1.1793486623129907,0.013458630965186645,150.1484741242512,11.718410973794187,492,2,4,109.38881107604435,546.3797200234669
2025-04-04 03:35:00,67.0908675848938,2.3440077532819874,0.017074589193516492,152.8839942552949,12.217290392334622,310,3,8,193.13555474819478,988.3207737833276
2025-04-04 03:40:00,62.971171671564626,5.61048797174274,0.03340441860555208,180.2458463532158,11.314983953398427,365,4,3,187.50219876204912,368.518267587595
2025-04-04 03:45:00,68.98462040836334,5.024571094359775,0.014301399521011816,134.3847149495538,12.881734808903111,371,1,1,84.98988528755649,653.7422443092288
2025-04-04 03:50:00,79.51474712574039,6.120565360770931,0.031257305597512726,120.16971150523817,12.57508243240498,402,4,5,167.1211471624711,315.55696963627435
2025-04-04 03:55:00,63.403182041143815,4.701950254132451,0.03704696183898785,179.99999166110447,11.331273444366687,317,1,1,143.405059434941,519.9456393335638
2025-04-04 04:00:00,81.2074453924567,2.4809060430534187,0.02453585470872474,146.3479053827563,13.019490115634243,86,3,2,73.13341086794598,280.04430983173745
2025-04-04 04:05:00,70.47058260956203,3.6954887933161125,0.02919794046970961,109.200238477868,12.594780170132141,218,2,7,103.51565706298405,602.3730117697819
2025-04-04 04:10:00,77.602359042599,4.128414472941525,0.031696761684790686,90.65813850358568,12.549781514871608,474,0,2,76.62094119612237,338.5106078353008
2025-04-04 04:15:00,71.80632645676583,0.5447637735037976,0.0332692954810257,167.99588615823956,12.213710803148272,422,4,1,94.2734058232758,133.1100250469477
2025-04-04 04:20:00,64.72328797709588,3.4116498377557445,0.015553289416755843,116.11561310176837,10.045558672354211,355,1,5,142.29517636600275,833.743982325538
2025-04-04 04:25:00,97.42266534810784,4.425575885837653,0.0020182475141049656,148.33072990735857,12.786028733907557,459,3,2,106.28982065651596,215.42960090837576
2025-04-04 04:30:00,88.18028970798804,1.0914262992855848,0.015821908986217558,127.848173291517,11.504167164436627,26,0,0,109.10892797537858,431.2349192052151
2025-04-04 04:35:00,57.00565878832263,4.8642500177955155,0.02652585014222259,98.48441621786414,13.770438840634622,429,3,2,130.94709389257847,529.4598482000827
2025-04-04 04:40:00,93.42339879489563,3.653257916368257,0.017730339723228388,141.98215373101021,13.271939084308821,289,2,5,63.08362082625841,489.23200037973464
2025-04-04 04:45:00,74.37155991247567,5.919798831686931,0.029486754145688975,83.5537714466737,12.35077787812525,288,0,2,160.81959347741224,753.0991873210081
2025-04-04 04:50:00,94.72761134470457,0.3231009600052336,0.014054433946424243,121.64098566608877,11.008727927277079,347,0,8,110.256430012001,637.0989363378499
2025-04-04 04:55:00,89.99276279736577,1.694310177447883,0.024989940309679753,136.03441348367647,10.814869573110666,222,0,6,122.05956323034803,365.8340644367374
2025-04-04 05:00:00,71.26067522346167,3.7626396417906687,0.007339366359081464,124.09307320480654,11.361539350710196,351,1,4,196.14495932819474,146.53269985660316
2025-04-04 05:05:00,51.12346541600587,1.8864470191523828,0.029502749657655616,157.856594927107,11.906271774320075,177,0,1,101.6550332477381,790.8356064278587
2025-04-04 05:10:00,63.4338679692473,4.456969426805807,0.021484104861765708,166.41589509089374,11.184262040155788,147,3,8,147.23284039608882,417.2744140105795
2025-04-04 05:15:00,77.08171073304334,4.731213426918754,0.00803403538351852,160.29425199558324,12.059717981569932,423,1,4,108.8756475943716,900.7522668999723
2025-04-04 05:20:00,81.67391099130737,0.6927715263686981,0.01149257209172602,81.19179836367462,10.661481702052743,226,0,6,184.14240780255173,455.5510962429254
2025-04-04 05:25:00,62.894384271660115,3.223150296558372,0.029472799717737596,97.965907208165,13.910851251301999,350,3,8,177.0134400492559,745.8927455239366
2025-04-04 05:30:00,56.96780370364121,3.1926144508398826,0.019000058908117633,134.95361100048763,10.431698219859975,185,3,3,86.24364076435765,945.6082329112113
2025-04-04 05:35:00,91.74651183996495,2.33379467854905,0.00850517941141929,177.96078036793054,13.727776558617489,414,4,8,153.7618568916351,686.0372055719318
2025-04-04 05:40:00,99.22010903517761,5.801092402319819,0.03808156349199765,167.17533170562862,13.65431204561078,293,3,0,59.77579938458105,472.1400220577543
2025-04-04 05:45:00,76.28450911513428,5.152602551910839,0.028154543542692857,167.99372690199456,12.101441927277993,469,2,5,194.4778084294835,610.6593419073486
2025-04-04 05:50:00,58.583964292415175,4.351071439381072,0.03768249407057503,109.74648492604489,12.899641087344337,428,0,1,102.34851620212362,589.1006696877034
2025-04-04 05:55:00,63.61536632596845,4.456369474135583,0.01681516834634125,123.38037288449988,11.744193191890352,40,0,7,174.77641588771505,626.3380329880265
2025-04-04 06:00:00,50.919533827373336,2.9024176177732857,0.018704747923067103,127.83624231012124,12.520138310169752,392,0,4,97.76470491159648,232.13798707721122
2025-04-04 06:05:00,95.71494032802495,5.727702037026174,0.035352586656725825,93.99613100179033,11.362303749684475,499,3,2,144.9156111795308,728.658894161179
2025-04-04 06:10:00,55.88755414450706,4.334991506755232,0.020671245030394816,80.35535806640128,11.204636079141782,392,3,1,197.53861879764978,230.53894450226846
2025-04-04 06:15:00,78.82582377571268,4.54651724349515,0.027845641489617306,179.2655131417358,12.312919144678055,190,0,7,181.51247946974453,113.15519588585259
2025-04-04 06:20:00,63.7027610343603,5.36289151191474,0.009928071404286764,102.99695925165872,11.992518696735921,78,1,6,74.0548864857361,662.3020906156572
2025-04-04 06:25:00,77.70890012578967,1.7481084616573512,0.017587665745469827,102.91448160215218,12.318145476599923,204,1,8,132.12326497242069,205.22221495803225
2025-04-04 06:30:00,82.57101941759322,5.026892600604915,0.004860233561940261,86.00493780702604,11.146642325148092,383,2,7,102.27976731720352,793.370473040146
2025-04-04 06:35:00,91.48709018536007,1.2631739021268162,0.008109454610479568,177.2788372099281,11.46783132726798,277,4,3,115.15082774724377,879.3693581507384
2025-04-04 06:40:00,60.32106358803016,2.1865332946627465,3.7142353428162656e-05,139.6116084134954,10.335591842515637,271,2,1,100.2774693828153,950.2631112555337
2025-04-04 06:45:00,50.549791432924025,2.126669275443054,0.0015458690099129182,149.03998056953822,10.209105489088824,31,0,1,100.39388722932696,698.0292666157525
2025-04-04 06:50:00,56.844281503440364,6.081607853302444,0.038475761846858025,175.45030382440967,11.013828518692065,449,0,1,131.3829865664917,533.8134036030738
2025-04-04 06:55:00,95.00093209240526,5.3311882734489835,0.009541489212903846,114.32697824128527,10.296987437322183,473,0,5,78.79460136847288,417.0529726352192
2025-04-04 07:00:00,93.69450387812577,4.375434618855392,0.026114608964243505,144.1227896029131,10.415098834538963,141,4,6,130.6093137850047,541.8325845876977
2025-04-04 07:05:00,79.87065510851542,4.534679771514994,0.03303543905171059,81.19034111071984,13.251713621575748,250,3,5,91.84481557974513,271.3170055242822
2025-04-04 07:10:00,80.02584302168268,3.519768869874128,0.021679557346189458,97.17143304896197,10.155494788066758,293,4,1,93.34743563626995,413.58038301018377
2025-04-04 07:15:00,83.25183372731277,5.8882343816276865,0.006029314282755363,166.7745469497138,12.63577117573897,97,2,3,160.8122043553434,746.137472351048
2025-04-04 07:20:00,58.76856393117248,3.1149089956189324,0.028666016949568603,159.81098248454026,11.090230995261603,135,3,2,54.439040533990365,295.68067402079186
2025-04-04 07:25:00,95.72059729624799,2.402919532005706,0.023631958040761594,114.86941067737186,13.486182722832506,483,3,3,107.14186440107106,337.6604221062985
2025-04-04 07:30:00,70.93852624460365,1.0650608604107445,0.02878940882766509,117.69554779961496,11.939969138309998,276,2,4,111.13015702304676,774.3954301370638
2025-04-04 07:35:00,69.15692641247487,4.8985384842759485,0.030305001516545808,134.62387882378658,11.222305837311303,311,3,6,122.76652095772592,260.05234224449873
2025-04-04 07:40:00,75.94588526414188,4.580122489125649,0.038402003716785184,77.02602850599453,12.070555742757739,301,1,8,150.3516537094308,321.29882782603994
2025-04-04 07:45:00,52.348298338752755,2.426525138963524,0.022581243690979573,103.054388292107,11.527832076181076,42,2,1,105.45301741056298,115.79280654038531
2025-04-04 07:50:00,58.31416843780397,0.21711622257007704,0.013450444770740262,99.48903532968716,12.257204258679321,119,2,7,81.97056564596826,748.0464395815961
2025-04-04 07:55:00,86.90168082131852,5.223290324362534,0.025530114451618024,104.05215824897445,10.458131473305393,219,1,2,182.7309260819463,656.1132090097905
2025-04-04 08:00:00,54.139933396256325,0.13237565758872774,0.0026945175669531147,164.03783099361166,13.987962011250204,45,4,8,197.15579400218178,724.9469072603871
2025-04-04 08:05:00,80.1576054733194,4.390997594102042,0.03533062216205268,107.20477650701585,11.70222351078687,235,4,9,53.00220397593992,292.89498575798183
2025-04-04 08:10:00,62.26745548406605,6.030744442223138,0.004700042354485941,97.684302781416,11.392922558829476,47,4,3,131.97002765010467,718.6387516550842
2025-04-04 08:15:00,69.46478070209884,2.7544426656144956,0.012907205311848453,131.4604537656474,12.84083939326506,197,3,2,101.25535686637973,636.738955923931
2025-04-04 08:20:00,64.43468683853499,1.5075931303938277,0.03211597720978844,170.48966392825508,11.45559762598133,83,1,9,91.54843630808139,429.51068129980297
2025-04-04 08:25:00,67.78363582324747,4.398202503378495,0.023516248066117955,103.06576801444999,13.33309722011503,30,2,5,100.35595863049032,494.04323047096426
2025-04-04 08:30:00,85.95229525921228,5.088760434250425,0.015497469796874922,85.48191422162225,11.8170828974417,160,2,9,145.83166346393008,611.1284529460673
2025-04-04 08:35:00,64.85608578115875,3.42354302412292,0.01863920925316053,115.49171147176378,12.87823365306174,427,2,8,78.60740153446923,543.962958478801
2025-04-04 08:40:00,78.32023201484486,6.0109250926097495,0.033643616325109156,157.7463970530176,10.429812865767547,70,3,6,186.92910674869253,677.645259372434
2025-04-04 08:45:00,73.80252010995498,0.37998100792875655,0.013386006679616558,136.47457882703782,13.384476742220446,7,3,3,119.91717874092137,262.8816198453956
2025-04-04 08:50:00,83.1835582681324,3.167424022569421,0.034238195056023664,165.21368391402956,12.94287194711244,456,4,2,98.83652497239926,586.6389594245773
2025-04-04 08:55:00,96.84148696623791,4.481758932247427,0.0034698613609954413,180.63595194179726,10.846867113847862,385,3,9,164.82969973213983,505.2515345780867
2025-04-04 09:00:00,86.62860486051252,5.368732844764522,0.03058263215274751,162.6075474891746,10.581144038983147,400,4,3,52.451999785428896,514.9184446125985
2025-04-04 09:05:00,60.74701892953784,1.1648410643848788,0.03336803506812827,142.21073251512536,11.265169394902497,51,4,2,114.77792986070553,522.4438455243358
2025-04-04 09:10:00,51.55915675306424,4.983416838323107,0.00715817917397131,130.2808915096571,13.904282344127617,44,2,2,103.29554015018448,893.3247674400855
2025-04-04 09:15:00,63.113202214991254,3.462154968628451,0.01694278601414677,81.3274613256128,11.027326298268235,292,3,8,100.73148649846016,836.764697022954
2025-04-04 09:20:00,79.75389653501274,2.5015659835246757,0.006515742678485588,183.30677371191646,11.824508835786533,425,4,3,100.56070431358748,666.6129650534831
2025-04-04 09:25:00,52.57129067421252,0.8723917003298776,0.027819075218915253,118.4159612381046,10.120080902869345,299,1,8,54.69070666209011,744.8382420421319
2025-04-04 09:30:00,74.81831236006181,5.385067040988999,0.02107669516336423,93.44064710302162,11.58891011826493,464,1,9,72.81746045132597,138.52237246129596
2025-04-04 09:35:00,79.84214244584446,1.0296147053343954,0.025012743692241268,149.0045563828173,12.285280061732411,372,3,4,71.28277389686215,769.5925474417019
2025-04-04 09:40:00,66.71219454084805,1.9678196994597104,0.007735711537762729,107.70313522230961,13.81249845003186,37,2,6,198.29157572292831,537.5482196082838
2025-04-04 09:45:00,88.54561018729109,1.8463733341862107,0.008336455763589962,140.26405326055314,12.066944179760258,354,2,4,53.32486338359176,385.9728080933148
2025-04-04 09:50:00,55.32991265668859,5.422704057408132,0.0016337538550575646,140.37093404721585,13.276429304710751,379,4,0,75.06104845279974,225.79926934432865
2025-04-04 09:55:00,53.75688908679044,4.200318608924314,0.012679831067409398,125.13882065750987,12.188510570275602,494,3,1,196.12617629880452,167.68791131679262
2025-04-04 10:00:00,86.40943781018017,4.962980792896582,0.022037203291172914,167.3008104788646,10.163140053742072,230,1,4,144.23848907150065,140.3971169470508
2025-04-04 10:05:00,74.77456581030992,1.6029086385318796,0.03377698335756623,105.61644264798784,11.260033100759095,477,4,5,117.6000680910097,245.6165574012167
2025-04-04 10:10:00,84.4201198213868,3.9060956770543154,0.026257000299193003,125.45231989471529,12.302198031324412,261,4,6,61.814139956955486,127.12941531796749
2025-04-04 10:15:00,71.74136693018731,3.579274195590941,0.017141596791880553,135.07074988782492,13.802375863724498,67,0,1,150.4491742449315,759.3780181982688
2025-04-04 10:20:00,62.32010166195534,5.185353876147517,0.03752443421570864,148.67146984286836,13.436521439004933,178,3,9,70.67044815219018,323.7527071195657
2025-04-04 10:25:00,90.95511588371,5.635997706297184,0.028316755471190558,161.66895985460366,10.913422456715391,356,4,8,150.67791832387724,431.8663842388082
2025-04-04 10:30:00,89.97079394844897,0.13692036597178564,0.03662069705321888,119.63918655085165,10.880439320076654,418,1,5,196.87647458000876,840.4445924342946
2025-04-04 10:35:00,84.73482354272133,4.208419768142263,0.02077119126652249,146.77306996243237,10.804691868455603,185,0,1,129.7958987925429,203.1917468721316
2025-04-04 10:40:00,63.607256861498136,0.38100879711476887,0.010193087189033384,93.26598293140007,13.689995585210013,440,1,1,82.11269817539912,852.0346272125914
2025-04-04 10:45:00,79.51153334345435,3.438481190020039,0.002079791924847741,177.72599485858768,13.410664612406883,200,2,2,143.79256263193975,675.5863154952593
2025-04-04 10:50:00,68.04869484700134,1.831530801138134,0.028586033211404342,118.37035109346839,13.099533729011796,389,0,0,126.93945316869244,407.82656314414277
2025-04-04 10:55:00,54.579103666331704,1.949295715974557,0.004775711161777679,155.78831357345535,11.57094045689691,12,0,8,129.9710395415969,206.02649176091586
2025-04-04 11:00:00,95.86567877311214,2.233387064662073,0.011920287077580175,79.19683684327518,12.017522817195067,442,4,9,121.71604191799952,182.34342760682122
2025-04-04 11:05:00,56.84093154594807,3.8840628925482124,0.02096343289047983,99.16021143371916,11.85732697918061,213,2,3,151.0610861365334,401.96291147138857
2025-04-04 11:10:00,97.51186769104012,2.117069816053931,0.022221137502547443,129.60491478694644,11.013592430237491,219,4,4,135.7918043610503,226.30777544624124
2025-04-04 11:15:00,72.30028864789779,4.569388723466898,0.023645020523703243,171.8512665150934,12.020112184595067,285,3,6,198.04926161815592,340.9392668277473
2025-04-04 11:20:00,59.25664644193098,2.5506168024040674,0.006545488981400748,133.94355619467314,10.121986191411018,243,1,0,173.87951315634783,147.66022040619208
2025-04-04 11:25:00,77.0950473689179,0.482616794655013,0.014950299601568793,177.42601208773894,10.527241493989838,355,1,2,89.70475665665099,635.507579527029
2025-04-04 11:30:00,93.64729179382041,4.883492907133503,0.02429899844101769,129.250064830942,13.546358384675786,257,4,2,158.86347828574606,230.74850525842405
2025-04-04 11:35:00,86.61124432047805,1.820000265513894,0.038181865682518565,129.9685024474826,13.006719068125694,57,1,1,82.14505240771018,781.0590818130644
2025-04-04 11:40:00,90.32805739307248,2.724334108560387,0.028646910654350512,89.93265315805745,11.69147363623635,35,1,7,167.35196121220866,296.3574786501749
2025-04-04 11:45:00,82.93916833553587,4.278695116498614,0.036323002177164825,163.68687436843973,12.068601449135508,327,3,4,72.13364599660133,818.1789214043673
2025-04-04 11:50:00,84.61382822589263,2.107265386754158,0.03000836495703498,103.67226454644275,11.479995543839909,428,2,0,121.03307503208572,270.89378760328094
2025-04-04 11:55:00,92.45978257826596,0.4102278888808542,0.023295956236990694,174.15814885221002,12.96311946864269,489,0,1,168.59092974591118,749.2299073311688
2025-04-04 12:00:00,62.483400442959294,2.36233967954365,0.007559979245234798,175.36901579568277,13.136748716928318,497,4,0,92.01690534598481,399.7672116626776
2025-04-04 12:05:00,74.47124818215703,5.871981406745686,0.02624748078357343,178.87749208240817,13.053140760812637,392,4,5,175.56786876974945,624.8079954001075
2025-04-04 12:10:00,61.06047209098011,4.009813027419644,0.024542515849798135,133.1848928231337,12.890446899337798,381,3,8,146.6226063550958,134.7956328895646
2025-04-04 12:15:00,99.38340039983234,4.192790033856261,0.023719271487819625,150.1261287566336,10.818017354771182,192,3,6,109.62834936608238,545.7199909188317
2025-04-04 12:20:00,97.20296698433066,3.9516668614709416,0.019282918601283835,161.07971504665966,11.351879916961915,332,0,4,113.51250639594078,233.8191052318569
2025-04-04 12:25:00,51.9713405684253,1.2862517493359058,0.020813263364718178,91.14957881425028,11.8793817399347,49,2,2,188.8987300879783,537.6882045241239
2025-04-04 12:30:00,85.27875862578442,2.635548361563869,0.013167035736892468,141.9033770597297,11.323171965710623,462,4,7,82.66865000185689,227.22321779753474
2025-04-04 12:35:00,96.26241587078329,4.681598013143253,0.02044539264059674,80.70417334075766,13.019760800633316,31,3,9,154.00439227620654,493.38020812543374
2025-04-04 12:40:00,59.02876725636668,0.6857398693824902,0.007777795762152256,130.7371370059824,11.31741409699982,97,4,3,156.09413086123033,199.55873820905953
2025-04-04 12:45:00,78.39726152763147,1.771368707583242,0.03169979654151777,93.72300961498456,10.552928347141348,42,1,8,188.3674539775455,297.9563659608662
2025-04-04 12:50:00,95.77441487940209,1.7619342393907058,0.007314057284183596,96.75567600390515,11.596161808193216,380,4,4,156.9746403136011,635.5710419534693
2025-04-04 12:55:00,51.69729892928994,2.7197330272774254,0.0033451313295772816,116.42513720280097,13.919657731129522,350,2,5,137.67011270875625,978.994573489128
2025-04-04 13:00:00,84.871013362342,6.092946878787067,0.01717504968228392,123.70321400538232,10.903525651734304,333,2,4,185.37838085244394,504.26629155277476
2025-04-04 13:05:00,64.86745036862754,0.4773839368611839,0.025917629724097606,144.30262184947622,12.448634635772915,309,4,9,174.3698044472597,718.4563233485522
2025-04-04 13:10:00,96.21980976882652,3.2529640802347206,0.017232955169316017,85.0382691913597,11.731892199358825,46,1,6,157.51646822513393,585.4822039399377
2025-04-04 13:15:00,98.55291225826838,1.1655120170834314,0.010895837850336215,131.39871021364402,10.284098270597307,269,2,6,54.88675735882617,548.522140864994
2025-04-04 13:20:00,97.2133244556717,6.033324631408202,0.02197525532688504,96.72351406733493,11.951506423992239,431,3,0,106.02806273605421,158.23377715586605
2025-04-04 13:25:00,73.71071083287319,0.7591318691564907,0.013661516645411853,138.9893189034281,12.80865731459325,310,4,1,144.78345083027816,229.86766204775148
2025-04-04 13:30:00,93.10213254946567,2.5449180885404004,0.03672709424705455,145.8396981242078,12.052879903311275,412,1,6,128.33757865351475,894.7519563093106
2025-04-04 13:35:00,92.22746992675351,4.601290376025474,0.03632463141070659,137.12459970770823,13.488424254986324,430,3,7,97.89774897467657,469.14788353762293
2025-04-04 13:40:00,65.95502366216279,4.396255026028633,0.019778428789483396,156.73591513165724,11.15574806663033,62,4,3,71.66358732646648,652.8992289263118
2025-04-04 13:45:00,91.44577370753387,2.6625831267706537,0.01290882563289824,113.24579837801734,10.34499668521586,18,1,5,132.94948740333825,575.4099094434625
2025-04-04 13:50:00,51.85038173577463,2.19380578077299,0.029020976850714274,159.63151189637816,13.746262446632024,346,3,9,92.88763637933195,440.9941415961113
2025-04-04 13:55:00,79.81349392410266,2.50807863261038,0.001445392256222682,123.73884482448491,11.512785398112875,392,2,2,84.95007347134946,449.034888349838
2025-04-04 14:00:00,61.50044186438515,1.6878517985599537,0.018691703244839153,129.29192581884047,12.305622205814533,100,4,6,109.84373405824003,599.9185053178055
2025-04-04 14:05:00,56.02834428886394,1.3252576412261108,0.013241085664762458,146.99502974419573,13.168012504520783,36,4,2,167.8237149821403,227.02762132816926
2025-04-04 14:10:00,53.84766008146046,3.033591013127464,0.036241589850076084,78.98270547191619,11.297254655502321,106,2,6,123.17802535494683,448.5331362289906
2025-04-04 14:15:00,84.81443879390699,1.7140420765607038,0.00047256038402823897,147.63137591338682,12.864658152710444,91,0,7,82.4738315748005,502.2780124624652
2025-04-04 14:20:00,66.9937481884033,1.8304784875708051,0.021764376938518973,143.80719609978846,10.541675399271313,307,3,2,67.53547134200726,986.6136013085118
2025-04-04 14:25:00,86.23833857643808,4.1022199019807655,0.02915999925295117,110.46348860935423,11.16517498882202,184,2,1,124.84808956622,416.309292357146
2025-04-04 14:30:00,53.26781703994712,6.020165102323368,0.019095206670620254,86.26578276914486,10.57884254454608,215,4,5,169.15495976333517,680.121006292782
2025-04-04 14:35:00,65.76451689153052,3.7754553443929164,0.003362325837809368,86.82102859060845,13.24492223360543,27,3,3,147.92270354809105,223.67394984382133
2025-04-04 14:40:00,76.97456461876686,0.5356819034532891,0.03828590217153751,176.70816467440469,10.890596940907141,35,3,7,84.82233202148745,158.9332436471972
2025-04-04 14:45:00,89.53615824194819,0.527095210668743,0.020394122484320112,151.4421666923904,12.869614221620841,371,0,1,115.50598785342385,884.3878126011073
2025-04-04 14:50:00,65.9376251466035,5.914886401784299,0.02418057385746391,90.72708228723997,13.773193588982611,319,4,3,178.2845545016103,757.6614121651179
2025-04-04 14:55:00,81.29456882185045,1.8909430690741764,0.009315350806172833,115.52610228536187,12.111088836275508,17,1,1,76.64838617792583,385.7493588351121
2025-04-04 15:00:00,94.29888741180935,0.6284938765696331,0.019035367960463376,140.9881633413724,12.160116769042752,344,0,1,129.81208560243456,554.1202026075061
2025-04-04 15:05:00,80.79315940911523,3.747203548205975,0.016895658413348325,167.24174414979007,11.844134272391248,418,0,1,103.43472631412624,222.1697660066547
2025-04-04 15:10:00,61.64797373768169,3.898558023648509,0.0029486567892023,81.71538030100493,11.303560573574572,195,1,0,68.62696322442791,736.4442645827742
2025-04-04 15:15:00,51.220039077826904,4.051461776961497,0.004179543735199139,102.55637819876095,11.902620123699668,77,1,3,57.48558813663473,163.29753287869508
2025-04-04 15:20:00,93.50494369504649,1.7070801679734962,0.032971376844643116,173.092890951901,12.411230129067038,166,0,1,133.38070769686928,781.3297512470817
2025-04-04 15:25:00,51.063470542519354,0.15509157551422242,0.009441735500368678,77.98987941985219,13.943966288682638,89,3,8,53.112331061056835,592.1528592429879
2025-04-04 15:30:00,93.73508363420997,5.998499494819617,0.007675526644728234,98.75110310173984,13.751058237272897,263,2,8,65.51691750394023,350.96547707808827
2025-04-04 15:35:00,76.4468567013606,1.6055239606718479,0.019878414326863107,180.57461100508033,13.448611833172487,471,2,6,102.13464217426119,876.316918655311
2025-04-04 15:40:00,96.95338492564481,4.220762093271645,0.03026565143645527,143.24739942439447,13.556522142819434,207,0,5,56.52802780336441,987.464683304969
2025-04-04 15:45:00,89.93916178868326,4.409022257876396,0.002438840631106612,105.2605075968507,11.871396733168172,211,3,2,110.06678396778273,328.9141910778742
2025-04-04 15:50:00,99.89670552666686,3.814642195705161,0.022708985476950095,84.23503819475154,12.629777308709858,270,1,6,69.55475362653365,825.6215346273393
2025-04-04 15:55:00,67.53559077258551,1.9870097464542953,0.004693327055677657,80.0446647683,13.580266891744856,262,0,0,102.48096360502309,775.1496847388116
2025-04-04 16:00:00,88.35941444655634,1.72980546794655,0.0014354752171096812,103.43246860078814,11.571803059965411,272,4,8,168.67395306351023,772.4711089951024
2025-04-04 16:05:00,70.0965456804621,3.7387371110634873,0.002076534671021715,172.20046851560235,13.847049913381875,341,3,3,143.9546516714987,961.5120503356245
2025-04-04 16:10:00,73.99378101519544,5.38998752853401,0.032841124356577156,121.91867466413103,11.663144248276732,213,4,5,116.81016166812637,537.9553830717931
2025-04-04 16:15:00,81.37527316091851,5.886038650361106,0.0046445884776851465,154.79600386992723,12.404330661572862,373,4,5,63.774996178274066,706.7512365009892
2025-04-04 16:20:00,93.68385570931693,0.7136243763228562,0.0017776137320483752,176.17478382103542,12.839218853089488,63,0,2,142.87244889720995,841.4896272632237
2025-04-04 16:25:00,99.20417345996475,1.0145765974007321,0.01724016234680517,121.0683698531042,13.802368052303754,11,3,3,74.55644787635755,531.5828005387237
2025-04-04 16:30:00,88.41367069322591,5.8737510671773805,0.033228107389704706,97.65795607203889,10.978465096209064,209,4,9,61.487951579242235,533.2880825308052
2025-04-04 16:35:00,70.8883391083667,4.592987250519622,0.010331044023221466,132.84873653254732,12.984523912954568,311,3,2,149.59940261894116,386.7892786606162
2025-04-04 16:40:00,71.06785011385351,5.493937983690179,0.01660286792325708,175.0730382024643,12.08326234457633,173,2,5,186.80898467315112,802.7431415444207
2025-04-04 16:45:00,86.87911507944457,1.3086465208025921,0.001571754099288142,163.87243672687163,11.074228562482563,430,4,0,119.08901551557835,717.5762017170009
2025-04-04 16:50:00,61.938857288415115,3.6767144211394895,0.017680266009341476,84.10962308322061,13.106427359185563,255,4,7,56.1493865912171,506.02590955094496
2025-04-04 16:55:00,55.52370565656973,4.375248428135523,0.022740684745992015,151.79786240837885,12.208889120695385,462,3,7,182.04465761278115,477.402991658863
2025-04-04 17:00:00,67.73110788203883,4.245894943483501,0.022476667796927315,138.764932425567,12.643895282598702,100,2,8,60.04606491853611,165.33067885220677
2025-04-04 17:05:00,64.36194958270409,2.5729119806247573,0.013087672113573973,175.00602304541394,11.291604274311604,15,4,5,180.12698640523806,105.85103214557397
2025-04-04 17:10:00,64.81540602279951,0.1568398985266884,0.012422572876025712,90.2279930198321,11.92509580731042,196,0,0,108.77290598343966,576.0045698786591
2025-04-04 17:15:00,61.680387552495496,3.6480492337409656,0.004197782539895752,134.6759002261029,12.469417003952268,257,3,2,104.80918079346345,475.7435671164395
2025-04-04 17:20:00,52.104659481818096,1.6191096693655695,0.01444088656367565,171.98197089928436,11.619643257079376,383,3,0,131.41960691846776,816.4330839115878
2025-04-04 17:25:00,50.89369673667069,2.831908918682534,0.003917115062995505,121.28256896810825,10.793490159390805,243,4,4,193.5627226166328,588.3886506764093
2025-04-04 17:30:00,99.38611948680158,5.952766521944103,0.03018095900290794,129.05545111514965,13.846561969261217,347,2,2,184.81108176289672,943.0354390440029
2025-04-04 17:35:00,71.38865668679311,2.5168319461520934,0.03804231572977585,84.6097531880315,12.04587016017047,248,4,1,120.54951324571508,276.5267189748987
2025-04-04 17:40:00,69.21633235798409,5.228237904933347,0.03819192836641391,107.03951316848239,12.935681481150802,104,1,2,154.37348465357277,991.1353063465358
2025-04-04 17:45:00,83.9823641346535,1.2219583808766776,0.03405793568951919,112.0467181102463,11.644188774224233,181,4,8,137.06438785151187,368.1272748808957
2025-04-04 17:50:00,60.912694393253204,4.198826875971271,0.023653246998715738,179.07322446444778,11.420527056102866,154,1,7,154.01923685947511,678.1815762159754
2025-04-04 17:55:00,97.49805919751127,6.0722666040381394,0.027593152587061277,107.52807493844517,11.6286571938685,286,0,2,174.39911900931455,551.6683422549862
2025-04-04 18:00:00,89.3172507207776,0.6889399380269244,0.01122858097210817,126.77382340912243,11.6367865751426,168,3,1,55.17407433028908,423.61876112432446
2025-04-04 18:05:00,54.47055011561297,0.11331783113436003,0.02483349451923809,149.50087774494222,12.176720463767815,419,3,4,98.86397808918463,225.37826493890196
2025-04-04 18:10:00,70.87903878924642,2.72935325706511,0.017938968326402918,94.51580422005075,12.173879479925453,46,2,0,193.89936623508007,221.35073630699048
2025-04-04 18:15:00,93.95591537810824,0.6319295113881999,0.01897707086875181,129.53577781132245,11.988615263531486,42,4,3,192.40044627873863,740.3552446403758
2025-04-04 18:20:00,97.2366011145705,4.665877984252429,0.029833738959626006,156.76221626339802,10.539143139669752,320,0,7,51.68313349661938,439.8772446786802
2025-04-04 18:25:00,73.37007556249348,5.688049876262005,0.011099153851699357,170.62036300692313,11.984301914002124,305,1,0,80.21601948835493,965.1681767196484
2025-04-04 18:30:00,80.67056946053539,2.7320487537468403,0.012521251316374417,144.6360016635421,10.676415601682606,220,2,4,199.06550635165442,393.08363785570424
2025-04-04 18:35:00,58.35169730460376,1.6536206267979083,0.03640323978091354,149.25777965423035,10.50454314518306,0,0,3,123.92376138492288,985.1713495731666
2025-04-04 18:40:00,99.55843130684883,2.7344007848711156,0.0022135561107122625,90.63861503913344,13.730582869364671,199,0,5,135.9299005950279,284.88093093573644
2025-04-04 18:45:00,61.58358506917217,4.512479090850202,0.01911947089196305,179.14386170260548,12.419800052590817,440,1,6,74.96302782836787,192.5329476079482
2025-04-04 18:50:00,97.13658870675629,0.11783443501003128,0.03593705879213756,91.31800036832409,12.637960232498337,143,1,8,184.15034131377945,381.3127601706614
2025-04-04 18:55:00,82.48233244961843,3.688206287510948,0.024030052654101623,160.6646772156342,11.607174681333454,377,3,0,84.68964494736693,897.02631048573
2025-04-04 19:00:00,80.38683974394296,3.834845608548541,0.02151210115243906,105.60016275205842,13.635923567659457,27,4,9,78.44714450293048,569.6667500457563
2025-04-04 19:05:00,75.63442555082543,3.9849228382535458,0.009832453310677638,177.82805951973515,12.551721958318662,341,2,3,84.21836049804924,222.08509534348724
2025-04-04 19:10:00,61.53349058588793,1.550953568411997,0.013514790332016234,154.7556302519038,13.07667947809435,337,4,5,187.9432553961513,282.24914464368555
2025-04-04 19:15:00,58.82640160027542,4.454684482304081,0.03354523133507234,158.41188100166386,11.474249876110855,277,2,9,155.4270060765274,380.1345959346069
2025-04-04 19:20:00,61.02431045350877,0.6243384906092762,0.022016473769537373,100.65839069046739,13.840047523276501,40,0,6,165.28945917354127,631.150064031437
2025-04-04 19:25:00,59.32191310721272,1.2879631015830537,0.0202654516424238,124.84831747659737,13.28184516063326,331,1,6,106.55545372763791,399.1410458898586
2025-04-04 19:30:00,88.97922367833766,5.459958059561447,0.003920463280042292,143.72382501564294,13.415793852058174,146,1,7,186.3765522395842,772.3486738803945
2025-04-04 19:35:00,67.5062629583365,4.606446414612161,0.0006310301224538427,160.1571507663129,10.688777069703017,344,0,9,168.41119285090846,654.6642005667669
2025-04-04 19:40:00,52.89213382816982,0.14669387755167776,0.03794038224712799,88.22761259853807,11.083852831484878,177,0,7,162.58960437609818,886.4413636180061
2025-04-04 19:45:00,98.45513150704056,1.590041772294207,0.014841983104699684,180.93545417708907,11.142506398734309,314,2,7,195.64104255094276,550.8656437234279
2025-04-04 19:50:00,94.18929424817128,1.3810742103650622,0.023748558576163693,173.14383241989208,11.083636892987485,324,0,7,104.9295246190023,398.058772690961
2025-04-04 19:55:00,96.38761415976064,1.7280219687007508,0.0031383904028907286,106.1976477735231,13.421632648417152,417,2,7,141.6460470193822,996.6444110228837
2025-04-04 20:00:00,99.74539113232177,1.5850190739839747,0.026894277740344915,165.85810624749186,10.127539180834368,166,4,5,186.48945484658242,420.06998962662016
2025-04-04 20:05:00,58.69476246097437,0.44677216642907525,0.03671524457842455,132.97898368830093,10.304399955923097,122,1,8,168.63334147789288,485.74237580246086
2025-04-04 20:10:00,69.81210094513294,2.885343144609,0.02266399857703371,126.87510000869801,11.095659482519615,73,1,2,134.50684373384223,828.2145028222795
2025-04-04 20:15:00,87.91192378520456,4.569600486417407,0.004965172853452151,110.95888342763178,10.799491898597775,238,1,5,61.432052717029826,179.77261050378334
2025-04-04 20:20:00,84.8010309026896,3.794491535342042,0.022902434708783524,139.744607356212,10.927438455531394,248,4,4,147.908515933351,447.8410954526632
2025-04-04 20:25:00,57.69479531699275,4.201356221725728,0.030171166414651472,155.82802471198858,13.1917727570132,262,4,7,128.98333353017784,177.13908409445554
2025-04-04 20:30:00,90.79165624953089,0.5613321875407905,0.01600065968657277,121.38075373597789,12.252506375568188,251,3,3,77.62706922269396,225.37528000548213
2025-04-04 20:35:00,61.22202859183304,5.915301567325279,0.03463930012023038,144.95567284489556,10.023082645171872,356,2,3,182.3379685013896,104.17674294820624
2025-04-04 20:40:00,61.19088074113115,5.220180741940054,0.025538712741974775,152.5257954847728,11.71729106281678,110,2,9,101.4872892348115,108.5898633241377
2025-04-04 20:45:00,76.84872114467068,5.014708885310288,0.03540351983793773,153.80115623765087,11.631539707401435,179,3,9,108.12198402759455,442.2591005525668
2025-04-04 20:50:00,79.64699674208515,5.124781972233821,0.02454746645433879,82.61233859816747,10.455781077778173,187,1,4,150.8602323194616,828.2474244529985
2025-04-04 20:55:00,79.00431039189056,5.799773785374724,0.00516882058662713,169.85276301398721,12.70456715440583,307,2,5,123.31981130618614,628.3039245325239
2025-04-04 21:00:00,54.574341869887746,3.410155048662541,0.012192593635382406,126.49135799462519,12.808388753517963,206,2,3,63.3921614418724,671.4226397238791
2025-04-04 21:05:00,93.87304313151901,1.2941865334718032,0.007944687292194054,105.34093682319116,12.88357287620839,233,1,1,108.11624260328522,567.3243138263979
2025-04-04 21:10:00,63.2800021294353,3.856326427229919,0.03578059009776264,103.11056680780561,12.913883782234368,23,0,1,64.16991769073496,837.8138297535029
2025-04-04 21:15:00,56.47574606414021,4.632026764359215,0.02993702668911492,129.16552418714664,10.000211307729188,25,0,2,78.61256046850718,892.3408526675568
2025-04-04 21:20:00,94.43740399344887,4.601489739395263,0.026629871423823826,172.77780626264763,13.815683215386889,380,3,1,51.07616575256807,864.7666553308377
2025-04-04 21:25:00,97.78257491148767,3.2698687857964246,0.011849074100528907,117.86153882172587,13.256835068218653,217,4,0,77.19696222269933,830.918895222735
2025-04-04 21:30:00,93.10638086327253,0.4832659026211449,0.007245861080094111,157.97038065262268,13.615926786357141,493,2,7,99.56710309975414,264.44176620695544
2025-04-04 21:35:00,90.4758037362439,2.345065394886143,0.029781554979232256,87.45642294661961,10.062573181229737,345,2,4,130.7327650598442,634.488602828699
2025-04-04 21:40:00,82.7620990319511,5.7263000158481,0.018667645745053953,128.41412383231466,13.735435183142958,377,3,9,187.89158167740982,623.9468764885331
2025-04-04 21:45:00,77.54286853045696,3.6574171746983275,0.008889357247125484,184.10210316241546,13.239154114752418,9,3,0,131.04903008630828,575.149603372877
2025-04-04 21:50:00,54.34933799557051,3.3737252933361845,0.024276468942564695,160.20728270157238,13.348876571834793,16,2,8,155.84053120465123,532.7315103670894
2025-04-04 21:55:00,70.42266065353493,1.7160090931432619,0.001587947792076068,99.73707675158622,10.373149538887874,244,1,7,103.65156369586613,180.25342946774515
2025-04-04 22:00:00,68.6344258506157,2.328677490793097,0.012841355522054752,131.15567915937436,12.95511211567439,205,1,3,162.74461903509012,191.94691051559977
2025-04-04 22:05:00,62.98768918801631,5.56992383815562,0.018447135732752428,102.2314744740452,13.839666758568363,257,4,7,143.0703119077216,912.053413396561
2025-04-04 22:10:00,86.17100568442925,4.161933122017494,0.005825134409720718,121.232580144351,12.714189365672642,111,2,9,118.96910199122918,667.1677952090788
2025-04-04 22:15:00,74.79378675393855,4.905805795581226,0.03876594524819911,161.24907456337618,12.282245618498425,204,2,6,79.06531923368387,336.08549304820576
2025-04-04 22:20:00,54.0523107953824,2.857076091782022,0.008232184153629571,160.29228005136358,13.782518710995987,26,2,6,95.53113619959484,351.37035029211063
2025-04-04 22:25:00,61.009160097490565,3.9391488155068535,0.005132015765116369,101.63484081345759,11.771748486937744,456,2,0,143.14191310636326,649.175348483767
2025-04-04 22:30:00,84.16293818297979,1.5900869763489185,0.008013188338414499,176.6001183607249,12.397174265241915,70,3,5,113.90844865468594,466.24147717209587
2025-04-04 22:35:00,53.80654297451501,4.401830825583393,0.03027801371861166,140.9973637386013,11.905353173977465,175,0,3,183.4079835123578,497.1917538865851
2025-04-04 22:40:00,92.56034570243844,2.6925578764133062,0.01675220035609838,118.03182342389758,13.731384885441196,201,2,9,85.22604073033779,154.58499148007712
2025-04-04 22:45:00,74.75732635069872,2.784488095950937,0.022260482089651396,131.20904272433296,10.304338907062029,247,0,9,60.96089783799084,224.8652683987703
2025-04-04 22:50:00,74.0293288663324,4.056490715232149,0.0008271326114687211,142.3476953712763,12.004478803301392,117,1,9,138.40228647582268,454.0153839072963
2025-04-04 22:55:00,79.62038923297588,5.821735597823407,0.0013555640616622513,137.46817743934483,12.747809765541753,8,4,1,182.9076260285114,729.7177779412916
2025-04-04 23:00:00,91.23404829625746,0.4558768072255994,0.01755219647924461,129.53174383790724,13.167626153688948,85,1,9,104.7108544159683,143.22284883992182
2025-04-04 23:05:00,67.39046039510966,5.135605248322119,0.03215179859037224,131.53274284165522,12.332074589776546,22,2,6,147.15670023022477,401.1020135479749
2025-04-04 23:10:00,83.90080762795318,1.860753118429355,0.03485194317860471,96.05248632621172,13.635670976485816,454,1,8,84.7118933265723,725.5647567410643
2025-04-04 23:15:00,78.28659819978955,2.7929399861242166,0.0034136462368971146,164.7751536649054,13.767965787535488,239,3,4,133.77078825090325,812.8457114052621
2025-04-04 23:20:00,63.35141350847107,0.19693853944113532,0.021195409166027475,135.51011455362965,10.257276892774334,72,0,7,168.01881512939798,271.198633685782
2025-04-04 23:25:00,93.9314993177579,1.914043994056851,0.035953944071783504,91.15662506410793,11.609482158165498,26,2,4,180.05473981650258,758.3384187041114
2025-04-04 23:30:00,89.8713010803464,3.1541098308568354,0.015274526137920226,159.74496697094003,10.093836086884618,471,3,6,65.7678694778595,959.8705246711265
2025-04-04 23:35:00,82.92259173292128,0.40770833503880977,0.03266008973991801,177.7039496647539,11.317666629497772,348,0,6,103.45617744398682,916.1309350868034
2025-04-04 23:40:00,92.52908645471209,3.0831482801792123,0.005263611283271243,179.3091451175919,12.147472871882409,80,3,8,145.94666629038053,810.4384696397581
2025-04-04 23:45:00,93.36471004799012,5.76532571978746,0.0368265745976702,116.85391510040665,13.643179722039795,83,1,2,55.20843021404783,741.0940174372043
2025-04-04 23:50:00,85.41814883575174,0.710471164355764,0.029583611153539136,91.63582234456143,13.386217289861612,198,2,0,153.59228002262404,311.62447721779324
2025-04-04 23:55:00,91.85066641818361,4.764649966485542,0.037060429177459595,132.98715967637105,10.509998906687944,42,1,1,129.20508242057406,670.5129043433011
2025-04-05 00:00:00,84.87357308346418,2.5822584498622096,0.026638488146685534,89.16179676971583,10.372121498963583,487,4,5,93.28494188300397,678.9465944292664
2025-04-05 00:05:00,84.00703858801502,4.092485967060254,0.01430724914321064,177.87064119936267,12.357069355026669,262,2,9,172.19816758910758,466.1391988834191
2025-04-05 00:10:00,80.93056891075922,1.6630015037541315,0.036936286580415575,96.82659975435577,12.128471889835131,91,1,9,93.50760684436628,543.7139155308438
2025-04-05 00:15:00,87.63583197788206,1.0432653800091047,0.010849091539969987,104.29871287472572,11.065510565720096,338,2,8,198.7122569305705,724.6256393572361
2025-04-05 00:20:00,57.93025526465368,1.04923456941403,0.013077665410822616,120.91674490357681,13.597812338215341,446,0,2,172.45552836700105,956.8913821393799
2025-04-05 00:25:00,94.04353795994642,0.49577344248664174,0.027590897497570314,118.38176260438559,13.709465637846215,83,2,9,156.19707520746314,365.77558759692846
2025-04-05 00:30:00,93.5921763872616,1.2041563388447838,0.030130579243944407,162.82359237897202,11.61044575336065,299,2,1,59.202133694396906,321.7268367616956
2025-04-05 00:35:00,51.462364151727954,4.1481310683528045,0.03659070809948957,126.28221661950394,13.561210228454081,422,0,0,185.64655579809101,641.6262030689845
2025-04-05 00:40:00,91.29083752823814,5.485921174000943,0.008063091324783873,95.44297208036038,11.535795577051891,295,1,1,168.50829586063264,217.71920029722392
2025-04-05 00:45:00,56.44349337367226,5.0702906046765115,0.03141726244638437,105.858668712496,12.947267327318801,134,2,2,84.35376189377034,624.2795474390325
2025-04-05 00:50:00,66.7559427129571,4.276790753484079,0.02907663197684379,131.9842456002524,11.903768870190897,453,3,6,108.83722719903335,179.96633656428773
2025-04-05 00:55:00,87.1754128145804,0.7414667582562409,0.0025115980591597733,92.92502308202258,10.490332626028732,280,2,1,90.29473274287143,541.5254916440579
2025-04-05 01:00:00,58.03799480241541,1.8410947576543706,0.015245013791759968,143.05881296976952,13.711736804948085,488,1,4,197.66240512715999,658.3729372421803
2025-04-05 01:05:00,90.8983512059531,1.967936678467379,0.011132504321001787,138.10070910752376,11.816386373510147,58,0,1,178.12946672083393,163.09867534555767
2025-04-05 01:10:00,91.6067088978871,1.5997654776263595,0.011987818455860612,154.18785016928382,12.937948161289615,396,1,6,189.53379540426536,286.25783675376636
2025-04-05 01:15:00,75.37338668804182,3.2302319596169546,0.03869871694275653,178.2720984609717,11.46869525772517,358,4,9,168.3161354563145,401.83685639157244
2025-04-05 01:20:00,50.31929358584168,3.3566354341054105,0.02530621104644611,175.5234925989248,10.075523514304939,487,2,7,118.45223616053713,431.73882566754304
2025-04-05 01:25:00,64.35190665874563,2.2575471932526745,0.028254982099945855,179.17616675143375,10.402121434767343,341,2,7,80.81513747220276,708.4941789287426
2025-04-05 01:30:00,80.84634591878711,2.238496901196858,0.03844953404285564,103.42928447855971,11.984877917959697,240,0,7,81.21202353646007,576.1192065035717
2025-04-05 01:35:00,99.05930890137117,5.159057262222347,0.01485047189553548,91.2090531170503,12.75985742850545,464,2,9,72.75242725500155,443.8976232747942
2025-04-05 01:40:00,81.59067635083342,4.9175295958871885,0.031568527616003816,109.64588365361644,11.338941306317116,367,3,8,131.99743254550955,505.608628907485
2025-04-05 01:45:00,62.99017905320799,1.9555655969002363,0.01710752747839431,173.66919865876196,12.781953836710601,341,3,0,187.9949784295464,111.6790035852153
2025-04-05 01:50:00,81.70028515498056,5.683373327663913,0.03423362761272293,181.98177525933673,12.794542357727824,97,1,0,198.76971050686493,793.472751376867
2025-04-05 01:55:00,76.99926898579278,5.923448137305655,0.007112505467180137,169.8070947156114,12.815743629311324,61,0,9,93.09497000551472,136.9042198253042
2025-04-05 02:00:00,88.99226975755718,2.0721176668291106,0.037310499559638395,88.88191388177471,11.970087416082034,263,4,1,154.5971810445094,846.3857436303093
2025-04-05 02:05:00,55.34903194134792,2.2424080100792443,0.008613064037307173,179.32222379045766,13.659544600486015,112,1,5,139.56470234155665,586.8968692732572
2025-04-05 02:10:00,88.05139512510141,3.172582455504964,0.012843333981889972,122.72266695388488,11.956786071922462,428,0,0,123.34041753144666,575.0372721020653
2025-04-05 02:15:00,77.06332893380551,5.851510386008126,0.029771363876007356,78.00551140233419,11.801060773986553,145,0,4,149.8652965718062,734.1207649958794
2025-04-05 02:20:00,98.14960019294973,5.452879976661606,0.015502179298944218,124.77852400080492,10.797523276042508,215,1,4,105.70445284701034,873.6035793881188
2025-04-05 02:25:00,67.0936083019343,0.6930913990374251,0.023945342724432682,81.97547032495049,11.230620349425346,255,1,3,191.67271626401742,948.3815318316979
2025-04-05 02:30:00,81.6310946566974,2.4780488973053014,0.017502903194453506,135.7388154854007,10.169337970073213,315,2,4,155.81733015595054,589.0328985195863
2025-04-05 02:35:00,96.60140527550087,3.466240314505454,0.029227178660218418,113.56383496320154,12.534141174464681,315,4,0,163.1301637988667,235.59240879002644
2025-04-05 02:40:00,55.12548639953396,3.1571931832580473,0.008989424238877445,128.13097282815727,10.994142975708371,361,3,5,86.36331425091109,890.7678335557065
2025-04-05 02:45:00,96.86142436182256,1.2546998950314479,0.002301496803314571,143.22239896025664,11.216621017941861,257,2,6,75.28730052464292,136.60481653310342
2025-04-05 02:50:00,84.39428611504067,5.345211075583522,0.011808250371454365,170.83051834832457,13.083258086657285,193,0,7,109.15111896414845,826.6034536478273
2025-04-05 02:55:00,53.39185295525859,4.226387675588125,0.018673579566736584,148.4853702589683,11.308884732645815,346,4,1,165.0008728004231,712.3794637830832
2025-04-05 03:00:00,65.04817834734081,5.216591551421397,0.006614966256830974,123.87727779564351,10.968783568052569,13,4,6,190.81938646292863,914.2548466806516
2025-04-05 03:05:00,85.40860443226407,5.344888168334243,0.013968404773500987,165.4982081963994,10.676230996534823,303,1,5,114.09947389610117,907.7168352227021
2025-04-05 03:10:00,53.36753007343859,4.6657026889665305,0.015747371428519622,174.80287085789828,13.099433608727823,102,4,8,166.1235188745749,147.8386768933717
2025-04-05 03:15:00,79.10852300881366,2.763973132040467,0.0022595226251916982,89.9340763746773,10.518825031960107,244,4,7,120.56114292002142,648.501766458105
2025-04-05 03:20:00,67.29415284764784,3.817959972335825,0.02296486469173695,134.44876157570147,11.815015041001415,244,0,3,94.28423743331956,212.2043096513816
2025-04-05 03:25:00,81.04577588837385,1.0486365863837062,0.034816689193572385,107.72729165218396,12.027720464308779,311,2,8,160.88977260887714,170.62175056964924
2025-04-05 03:30:00,52.28710169062564,4.206115994347829,0.005974133657252969,82.08260937071032,12.749559650742858,267,4,0,169.73032009719907,503.44943124765746
2025-04-05 03:35:00,93.57684030761882,1.1648265702425291,0.023535761268418946,149.20304307231044,12.533133929331981,223,1,5,80.42611911210204,187.8377858638666
2025-04-05 03:40:00,98.67444845886985,4.331018594948378,0.026170848971260506,170.17924396559638,13.2428826917807,219,2,7,95.7754253067996,755.1121448013336
2025-04-05 03:45:00,98.44389276428458,1.474526923583957,0.01650924830157542,94.59348668355855,10.179005735704953,310,1,3,124.21652652104933,972.0466394568397
2025-04-05 03:50:00,87.48259158714623,0.7852624923638591,0.027602282124290042,164.74067502338124,11.185762899117588,411,4,1,77.9782744650315,612.6246620047834
2025-04-05 03:55:00,56.5043120065316,1.0788966903537343,0.01617054194039549,169.1667392219897,11.120536475101519,365,2,1,189.32514481306887,311.6519826055179
2025-04-05 04:00:00,87.91315979645113,0.07439186502676823,0.01986762049140041,175.74876780798022,10.584067622368433,216,4,9,138.70008688411227,858.8857523728559
2025-04-05 04:05:00,51.229345822940076,4.483516255344133,0.00028949009941224563,105.65078962129365,11.156713015425773,3,0,0,68.1804916057539,867.7930374370234
2025-04-05 04:10:00,51.106177576449866,4.567555545319095,0.02723309006549411,174.62693104050805,11.239061256571613,473,2,4,77.6044797023693,759.5073751279549
2025-04-05 04:15:00,66.18051095747705,3.229787140632624,0.026037127404321694,111.63157751153469,12.087537847709914,35,1,5,193.15330179872666,653.6189663320158
2025-04-05 04:20:00,74.43215952023328,1.05477213404039,0.001511846380425918,136.65250545319432,12.654817915705024,177,0,3,160.72528785449273,881.0132092765516
2025-04-05 04:25:00,88.52037089038966,0.5761276983082125,0.014498043553157128,82.45480684988647,11.524402054447256,386,3,3,160.16076267574792,246.96251379780315
2025-04-05 04:30:00,84.16476883032526,0.1798103315406243,0.03854458147515202,81.73915754382432,12.877880925253525,256,1,4,60.87478910075818,938.4401137096403
2025-04-05 04:35:00,72.29513531883742,1.081749093643656,0.016564440541982698,154.80030697507792,11.344661354318319,16,4,4,184.29482565634206,952.4828342895114
2025-04-05 04:40:00,63.68133331408329,5.542299866817328,0.01976164079458112,125.00383762160143,11.161134709259041,198,1,8,116.56030438379068,884.79313659742
2025-04-05 04:45:00,99.85622500788556,1.5479685897636557,0.03582404131976393,104.67957653987548,12.164752223428097,317,3,7,148.95759839598895,325.59583124032036
2025-04-05 04:50:00,71.30906511179865,2.2414629957564567,0.028238671779022416,97.5646575706903,10.094865441223163,47,1,8,193.95338286710208,872.3605476795663
2025-04-05 04:55:00,72.56935121648377,0.7101775274727399,0.022916159269373793,149.35497701279556,10.319156494536001,61,0,2,65.00185705348353,547.8743906539225
2025-04-05 05:00:00,58.181191059583455,1.4300088762974856,0.03140965008486616,77.04336675473671,11.671878174346109,68,1,2,122.3414689229868,635.4372136607427
2025-04-05 05:05:00,89.74047743749647,3.2561848986256416,0.03403018634699831,164.03624627326025,13.771650845567025,146,2,0,57.44191049928977,856.5405602537306
2025-04-05 05:10:00,84.68411128907442,3.8007720352335044,0.017987729073103368,85.55895746203231,12.886047119373695,358,3,9,124.93181349855732,126.62456009071377
2025-04-05 05:15:00,61.03848063943802,1.5714397467771501,0.018705063838202852,97.6808784100769,10.352506278002231,365,1,5,87.83891157313566,426.64833295808114
2025-04-05 05:20:00,54.11905228079213,0.417280686147716,0.01519886394170634,118.71353069230167,13.385272051123495,161,3,3,186.6598293910806,834.1240395200191
2025-04-05 05:25:00,84.02496510373565,2.467604300733352,0.038059317403140794,129.3647438893392,12.929203082432725,226,0,7,109.77387414096303,832.5593054215508
2025-04-05 05:30:00,82.72556071405677,1.5028562096790852,0.027447505148036525,115.33947250790571,12.443786102810613,432,2,1,145.08086690781187,863.8191341946396
2025-04-05 05:35:00,63.662976349910466,1.4127390642291302,0.0032765004389184267,111.63691381830374,13.28117184243671,463,4,1,179.04308972218234,252.29431012554215
2025-04-05 05:40:00,97.54317811252051,5.966803104890137,0.033974806665795866,181.10292930390435,11.616439390971829,487,1,6,197.55377876257648,735.2979564051641
2025-04-05 05:45:00,57.55289458904501,3.8533544674775158,0.018919692926717958,146.2906055742866,10.88600420341541,497,0,4,125.5729055492819,231.85300645487672
2025-04-05 05:50:00,71.6167400521301,3.487815439611655,0.002706848171243974,79.53075917967793,12.048093556435038,430,3,0,118.36365542921838,806.5882080559228
2025-04-05 05:55:00,97.18079600837994,2.6198079593287615,0.02164242330750507,123.45899811198582,12.195367022373896,486,3,6,61.36094679446881,320.61340400905675
2025-04-05 06:00:00,70.98636584630611,2.7008194371374397,0.016423799379701287,171.50093957234878,12.15330548803965,346,0,6,51.91084150058226,764.0359548282514
2025-04-05 06:05:00,81.92629738320429,3.389553663084734,0.034557081844382026,109.55726813235214,12.260295165920422,488,1,9,141.32031387477443,509.50145667517523
2025-04-05 06:10:00,69.87971989813971,4.346275827715547,0.008031287943561942,87.21208523563392,13.794819672956724,229,4,5,59.8196528221469,987.6371180974951
2025-04-05 06:15:00,63.7107601174335,4.381439997112936,0.03253799432216819,158.90555533171113,13.608982492384925,369,1,3,107.05684055577099,621.9044476743528
2025-04-05 06:20:00,99.19888239799141,1.118324689735945,0.021956259540840392,142.44949384909677,13.502868146235757,177,2,7,50.540965415969225,669.3214277982576
2025-04-05 06:25:00,70.46670031575215,3.138617152618997,0.0021500130985445975,138.5937508452624,13.205667243634508,344,1,1,142.28412484485062,431.3471624661587
2025-04-05 06:30:00,94.70496018395673,2.5963273533474065,0.03826164669771446,82.78626843760006,13.773712429061142,409,2,1,113.81227406607442,761.0681420626897
2025-04-05 06:35:00,61.49773029455431,5.417247194421957,0.02018171342186739,92.17389305791588,10.393978566717614,55,3,1,69.05311546794317,545.3970769943514
2025-04-05 06:40:00,60.655235201254165,3.9463566243141988,0.011451850838782826,144.2353347910163,11.060493045782959,77,2,2,94.45514102612331,116.25997158627773
2025-04-05 06:45:00,51.55670414422557,3.337874684104354,0.01848059430980129,99.44497487755426,11.980223782618339,269,4,5,135.44910484578867,647.7234380880807
2025-04-05 06:50:00,82.58334126879424,0.7719956536330251,0.033773946722861894,131.43956861282985,13.386137972493621,205,0,0,148.50700520149655,847.4136313864253
2025-04-05 06:55:00,68.42631718618806,3.7877627271750973,0.012004066497352387,135.8472220911745,12.02066284609093,280,2,1,119.35038194951701,313.1215930544056
2025-04-05 07:00:00,93.21791249198185,0.7831254699566801,0.00758568899732104,107.61877654926147,12.992138957366354,227,1,9,170.59386741364187,298.95737957666614
2025-04-05 07:05:00,73.66049533457786,2.136487931952083,0.005081547898793496,179.42991679848123,10.555839620995664,387,2,1,66.86606175544784,647.9975648073435
2025-04-05 07:10:00,98.40967139573608,0.9408398597345976,0.011726754300562456,167.9861235382421,11.00965525190624,238,3,0,62.68185839186117,836.1813487829446
2025-04-05 07:15:00,59.27627578515606,4.319478591839274,0.030710571191575213,155.0163388243422,12.92710438015069,462,2,2,56.63664035267125,324.65830405921827
2025-04-05 07:20:00,93.43115839778054,1.3309120140421915,0.01856797716037397,85.42333757221618,10.658936035550896,287,4,9,130.37417591741632,939.0363861187352
2025-04-05 07:25:00,88.82984263958708,2.4726886007144477,0.008955973485575038,88.4620420853741,11.405423738619707,81,2,6,155.9347556351687,934.6486210133942
2025-04-05 07:30:00,88.5460922322026,5.571945789213205,0.006542720053135787,130.22038535341522,11.059465031254286,333,4,0,69.57820991337945,280.48300471714003
2025-04-05 07:35:00,92.23916140584438,1.3190042271431157,0.013099592763161276,94.35704171262645,11.399446776889913,249,1,6,145.8418432783089,337.40597085113416
2025-04-05 07:40:00,88.05119954714993,3.1859369699315923,0.037004916552947645,182.6526700611832,12.833296196311881,192,3,4,121.54216492843021,730.5389298533453
2025-04-05 07:45:00,81.31101608157077,2.641317288566883,0.013504995977340518,94.12018527496022,11.471388724571204,105,0,8,198.10167502266728,956.5597981219834
2025-04-05 07:50:00,56.56224388411938,0.1736284597353987,0.03890254368274159,129.6465262301092,12.221053290431762,188,1,1,157.6210413899617,738.8944198986832
2025-04-05 07:55:00,51.6263089745626,4.938846427709637,0.019103571566527647,116.32507413888258,10.399727508217639,275,1,0,148.62100027874388,500.41004483848417
2025-04-05 08:00:00,96.04239239078434,0.48687802614083053,0.0070537013794750685,146.0537335170426,13.220070772938511,73,0,8,135.56746023085168,252.1012117838528
2025-04-05 08:05:00,80.8325157260369,2.9795514347307592,0.035084274527919644,90.93593216005789,11.4795545025925,9,2,7,199.60492723245557,514.9088639556591
2025-04-05 08:10:00,89.82686454880881,3.511190504764652,0.01812423707585545,123.47417422857822,12.59413663613337,122,2,9,197.0688756281866,646.091012773499
2025-04-05 08:15:00,74.0761175756275,3.9279482601533195,0.027939831760907478,106.66814354317151,12.90155840664733,215,2,5,130.71726882417823,397.8567270609853
2025-04-05 08:20:00,55.86540944811972,4.298304768933173,0.038728823402102625,172.8771646645423,10.838643688446801,289,3,4,118.27750210013926,559.2320390800808
2025-04-05 08:25:00,56.259289610127524,1.6201606307967407,0.0019754085596324082,81.38325691054706,13.5386999398134,444,1,7,119.31723840526286,217.19271549583533
2025-04-05 08:30:00,84.27826436144858,0.12352227206726972,0.0038068744882924967,175.6825693526976,12.464897006427812,475,4,7,114.25135854850484,506.96929406132773
2025-04-05 08:35:00,71.51529474497313,4.512453528019226,0.028364453957062857,166.96336696372404,11.714900567005927,410,0,4,129.7097460494483,181.69823703659858
2025-04-05 08:40:00,60.02623633501683,3.357267720252722,0.011095478562243062,109.13763737560807,10.729340734312878,39,1,6,91.03764017215562,144.17987495409153
2025-04-05 08:45:00,74.57972733707184,5.205576104259954,0.007255964428065095,162.2433907051273,13.769203751604827,192,2,0,189.018317467164,871.5159240393945
2025-04-05 08:50:00,53.21044685375671,5.114967493595276,0.001549681144690732,80.37106451658474,13.0202728165265,126,0,3,123.53451221929029,284.5734257314674
2025-04-05 08:55:00,79.09857009571994,5.249919499624795,0.0008601072355679636,181.4214794316865,10.832098250932995,288,4,1,176.30117177579137,617.63979621514
2025-04-05 09:00:00,63.449670221754886,3.046232264264854,0.030491575643386476,133.87225379969726,11.350843098896899,451,1,9,121.29555120014301,234.08448256899317
2025-04-05 09:05:00,89.87795503185941,2.1144764985005358,0.00529265747888192,109.7543508150681,13.238697032352293,70,1,2,157.74354108653642,336.2748138183622
2025-04-05 09:10:00,65.51809794617868,4.931465087833781,0.018414207422845805,116.15898696022512,12.782710652861356,136,3,0,100.532294671487,425.20547779253593
2025-04-05 09:15:00,72.76100745409006,2.838305735640301,0.023854218203297764,84.17177817373371,13.063137170862898,143,1,1,143.7210286599891,229.3087927192932
2025-04-05 09:20:00,50.58102699540503,1.1905951441118454,0.016864253223575532,183.84974751654022,11.76480440885173,388,1,0,124.7557168176379,141.3660673099993
2025-04-05 09:25:00,53.62234438972794,5.321572108938436,0.001067191613142731,81.24353007627478,12.865905050568667,353,4,7,105.06713848004148,889.44382181621
2025-04-05 09:30:00,69.62467782033424,5.491268520580111,0.03084653250703623,147.7299692999688,11.545974891455655,379,4,3,182.23343916020016,110.64955229179492
2025-04-05 09:35:00,73.99694173585618,2.930675558877479,0.00041390670152735196,124.8154801922975,10.845051667752786,406,0,2,66.90675241233635,155.18888455156105
2025-04-05 09:40:00,80.00102740596519,0.5278094910562785,0.02999568133063098,179.48295156438124,12.53070813936544,298,2,0,123.03847224786655,824.5649447452922
2025-04-05 09:45:00,64.58312893546517,2.4478775646459576,0.03516948725088777,103.56797195313388,13.904055702395176,369,4,1,79.15536098992051,353.80750309575046
2025-04-05 09:50:00,84.74909430632712,5.0051575900795795,0.017040950976012978,134.46537698530523,11.242403885581318,344,0,2,179.15826368263873,750.5382710032276
2025-04-05 09:55:00,93.00611985946023,5.609465775928807,0.021084360720107626,129.09447052693733,11.84387836885016,440,1,2,88.02040170734952,231.60317429612238
2025-04-05 10:00:00,88.99254944466749,1.3138145086368889,0.01877888386569629,152.90957595741094,12.696005484279414,434,0,5,145.01455101677323,313.55357373704743
2025-04-05 10:05:00,51.980941267417855,0.4741301567497744,0.015323182236066648,84.3451050508614,12.166025128489952,268,0,9,74.8345272628031,615.4988649372941
2025-04-05 10:10:00,74.02534736289145,5.45922237129469,0.03493799269998462,97.92922604252233,13.373711182836196,383,0,7,110.7370504206255,989.7722546403552
2025-04-05 10:15:00,55.246508920908745,2.457589969748603,0.03519425170842859,100.17300057002778,13.046970825878063,407,0,5,184.90357934740464,166.10002314330086
2025-04-05 10:20:00,62.10225079312637,3.3948191660662106,0.013221123857573678,156.72028152290247,10.233188815449427,138,4,1,74.90966666029107,460.499138183649
2025-04-05 10:25:00,99.33312966335733,6.017264514827942,0.02421535772253406,97.42697920328793,13.993684935695097,51,2,1,149.47937380225096,138.77287300533231
2025-04-05 10:30:00,57.12477714507566,0.47161487633300686,0.03649244341243888,138.9371105002255,13.00960981487787,498,0,6,80.67655558339322,279.30379839037744
2025-04-05 10:35:00,74.9444076725678,4.050312585224309,0.0378763393091709,100.24633261410301,13.455613265176453,16,3,0,112.36235787982488,916.7239241546541
2025-04-05 10:40:00,80.90778671590596,0.5180020092546005,0.020037768317320053,170.05549460906968,12.604790848381386,164,1,0,131.09253265618992,186.81409341079268
2025-04-05 10:45:00,85.12324852720519,2.3718615851465623,0.017827757866524473,178.75602908488096,13.425140512187049,12,1,6,136.59596272846215,871.1703292380703
2025-04-05 10:50:00,77.98243417434571,5.006860872837832,0.010972223087537652,132.99724129376196,10.449531899714838,189,1,8,140.3767006329733,260.02291429907314
2025-04-05 10:55:00,50.48854237095918,2.7286731399220527,0.03775088153469376,115.04935949459126,11.390951342237262,474,1,4,146.01971230863833,875.6063618839336
2025-04-05 11:00:00,66.3230654121996,6.1963770446275985,0.005622613448527235,102.2782397018899,13.505683774417971,339,1,0,90.76530465106963,584.2197668221077
2025-04-05 11:05:00,75.88558216923558,3.5012310467708962,0.022827948391956537,82.37634816448872,10.806620845067568,352,0,4,110.20512285757385,890.3860068041591
2025-04-05 11:10:00,54.39332495724167,2.037789494660995,0.011124032287235564,105.9980082293295,10.312968394320091,361,2,0,55.597799536259664,236.5332801863684
2025-04-05 11:15:00,67.53134656045904,1.4161679674187475,0.010984584291821788,147.65746423409433,13.152475759780875,351,3,9,165.31354647970625,785.8328961770434
2025-04-05 11:20:00,51.66015543956833,2.218389719608274,0.015943653781859277,134.63062858139477,13.341944622573184,263,4,8,175.56492526833534,712.628736472519
2025-04-05 11:25:00,53.928924857751035,2.353802691207534,0.0393225777623559,178.95645805434017,10.650608872759602,311,3,3,79.88551452283183,588.6400486536662
2025-04-05 11:30:00,69.8461638100798,0.484834297746052,0.0021640289969144786,119.79794434910366,13.417383931130862,220,4,8,80.21659469445228,829.5286099698757
2025-04-05 11:35:00,56.63578770215302,2.3355997297329334,0.02277724923685485,151.93724097146662,12.747071182388678,103,4,1,56.30546032856311,683.4484219843357
2025-04-05 11:40:00,78.3770424130779,2.9179341971639308,0.0032508741190646656,129.8468567273131,12.080330732866337,338,3,6,195.55757341887312,889.3422321469747
2025-04-05 11:45:00,84.47324845686329,4.508111070479145,0.006083500528809731,132.35823131981488,13.32100077112554,197,0,1,171.07798521758437,442.95593210700946
2025-04-05 11:50:00,90.02933495545415,4.102056400844408,0.017305636973893198,105.91962597724469,11.676996997275863,299,1,3,104.10548043590481,630.9308604464335
2025-04-05 11:55:00,60.007512212240506,4.422160697158408,0.02009686641712253,126.13468389893598,10.775975824893589,443,0,5,122.2862407204738,883.5407583181405
2025-04-05 12:00:00,58.37412911295349,0.11358689877789527,0.010188682996552146,127.84477967737239,11.139410706442455,358,1,1,93.7950440976303,293.33265769372116
2025-04-05 12:05:00,55.228392016720015,1.401133976473097,0.012458948888238851,153.31739234888488,12.02065607317326,367,2,1,139.58659524831268,537.1672209551689
2025-04-05 12:10:00,81.82151247718184,4.132536236876342,0.00342390028417811,178.5891199121003,12.125323170692702,168,4,1,157.59626185002622,964.6676395558021
2025-04-05 12:15:00,85.32378632434506,3.039432981182655,0.011937793211926527,112.56669796811046,13.222323305764935,148,3,2,117.10527169878081,526.241621345216
2025-04-05 12:20:00,51.5793072412821,0.09482333292620632,0.03805350241425596,81.55765060678023,13.165410894609337,248,2,4,181.03912899374353,327.5465006759863
2025-04-05 12:25:00,96.81061231218449,5.011044540578789,0.03719322408718377,130.5998735540691,12.3254662288183,255,1,8,127.5538793328215,415.9686148689144
2025-04-05 12:30:00,52.59856418257362,4.816131527913403,0.013184191770522113,135.80182387211022,13.123141933461905,469,0,5,71.63799036167161,896.5757074361019
2025-04-05 12:35:00,77.06481676505352,3.4357775609118826,0.02247457655668847,95.19157952224684,10.767093833174684,41,3,8,143.34370637564624,959.3947348907952
2025-04-05 12:40:00,85.45302597254582,0.47099109368918707,0.03581086150757699,159.1301774778152,10.200258108373177,201,4,9,119.33464488617038,955.0968784175253
2025-04-05 12:45:00,93.54845618730428,4.777410306146805,0.00024345771575436616,183.37234371168108,13.494535290538801,457,2,4,190.35077946225886,729.0481527717141
2025-04-05 12:50:00,85.70434660662139,3.652893787650031,0.031916693232548025,179.14366943691377,10.302217975051079,243,4,5,108.78408814038701,558.6416999421513
2025-04-05 12:55:00,90.08640415348958,4.872420904369521,0.03733740413025502,98.28745219295443,10.98675371897599,156,1,9,110.4298608725156,264.42004141660766
2025-04-05 13:00:00,66.97250962714031,4.686563526078758,0.0035955032932855745,171.53922990928214,12.78127579849754,463,4,7,147.61600846724156,210.89891086341808
2025-04-05 13:05:00,90.7412556873256,5.0018628844996815,0.006356211543884704,153.08531273246194,11.637791750509237,448,0,2,129.0479327489642,153.7899468772116
2025-04-05 13:10:00,54.00574231923376,3.2487014832760903,0.03782467801473854,126.01542889114644,13.505255879662036,400,2,1,106.16748163076522,115.94341855807232
2025-04-05 13:15:00,94.74083280302638,0.9253536033247838,0.021163009209134796,135.38598738707074,11.191919178649078,285,2,2,198.4661623520134,890.3050498951138
2025-04-05 13:20:00,77.37961880768681,4.190811224874964,0.0005589229188152092,168.75681889810548,10.047485386677437,281,0,8,95.32782649991253,828.17768422301
2025-04-05 13:25:00,90.86488849812469,3.8790268212861276,0.01014299755452002,128.8545734809443,11.202622562242976,436,4,5,91.62931879775428,611.0392424504237
2025-04-05 13:30:00,72.615914225915,4.628161691312531,0.01771432745033243,117.30639586335371,12.312300196739326,380,0,9,179.66414427831552,998.8509290839426
2025-04-05 13:35:00,82.17888475982625,1.1071724930464395,0.027279893117936205,130.27072924680647,11.503753501613174,237,3,3,50.50594153258333,957.746864981477
2025-04-05 13:40:00,76.32013304680567,1.261541255878702,0.02886459740328361,139.5460188357853,12.13949102303502,18,0,9,80.18797413573614,689.5980736432358
2025-04-05 13:45:00,86.5794760877666,5.539556156028505,0.0391898445060265,97.42038660806166,13.506392475340075,52,4,2,138.5670032392964,518.117110336228
2025-04-05 13:50:00,54.08149910152948,4.675680200559421,0.01131934467085853,174.29803486883503,13.649940216921474,84,0,1,74.36757917669973,236.95364450181665
2025-04-05 13:55:00,53.01760419952819,5.649170858096862,0.021189779232572058,149.81219047359826,11.063896258616449,272,1,3,197.87058840853823,564.0344247289172
2025-04-05 14:00:00,62.355161700507324,4.729429708486771,0.020997001411587436,145.39304307244882,11.848561893079603,429,0,8,119.62934336324466,241.96930559697455
2025-04-05 14:05:00,57.97723400565942,3.7355814974211485,0.015970294428963683,87.74559242750891,12.196576060965805,359,0,3,139.60461124408263,458.6061738215701
2025-04-05 14:10:00,93.58917832961009,4.086082318103494,0.006659920676765467,142.25078532263993,13.796449827552989,212,4,4,74.05601976577897,948.3832975894759
2025-04-05 14:15:00,60.960699367902215,5.5316723415426265,0.038482562638204196,90.06375152175717,13.994469276657538,436,3,7,93.40671513078917,407.7810904020737
2025-04-05 14:20:00,98.79326279095656,3.6227090453926056,0.03359518297078216,85.49934892110309,10.941628995366106,360,3,1,142.19371740191235,237.5085462791204
2025-04-05 14:25:00,66.84478958855534,3.952338432933619,0.019619421157246946,133.94957672937846,12.907919485383262,103,4,2,132.43300599295964,624.1569438125932
2025-04-05 14:30:00,59.10589578443496,1.0247150256487458,0.02374983261561252,120.50083767702147,11.51212424893278,191,4,5,167.6545918161749,642.1277567147249
2025-04-05 14:35:00,89.48492535712396,2.977498034401152,0.00894729040474926,140.5915091768721,10.032432787544852,428,4,6,90.38497678614743,274.42381822112424
2025-04-05 14:40:00,82.9353887750438,4.469106159559708,0.021408951340030114,86.63599415018177,10.03701008974361,176,1,3,148.0313220059801,276.9279288237642
2025-04-05 14:45:00,74.90978582265694,1.728860860415829,0.027361043638005813,123.54617078750391,11.842264030249023,146,2,0,93.64632586232982,990.5948121923443
2025-04-05 14:50:00,77.76817754688156,1.306318435826437,0.02028217742428284,95.87696522487707,11.953339652017338,379,0,6,138.01289296191806,318.9529655759908
2025-04-05 14:55:00,85.96008891361319,1.992665588766812,0.03898762619444619,183.6068092798046,10.090278786293771,454,4,8,140.75464515278128,854.3728313052256
2025-04-05 15:00:00,61.422737066564935,1.5477458184936956,0.024068582140638603,137.60422294299883,12.74770966709721,80,4,0,68.2758667031733,523.2914429913816
2025-04-05 15:05:00,99.8166958028371,1.3841878538606291,0.014605272162124953,151.24318098161365,11.176013554379812,192,4,0,132.2949666029399,491.4903150214552
2025-04-05 15:10:00,98.73965810733915,2.675638031529482,0.030399702542438307,112.14517431372164,12.239572406143797,36,3,0,51.790744993127376,365.4661745473772
2025-04-05 15:15:00,82.51628431734684,5.646771899582222,0.006711126127220406,87.23180279616916,11.203676292661676,376,4,9,125.18161270620372,796.4432172030977
2025-04-05 15:20:00,59.97712254645725,3.1813514815614727,0.015138426037197084,182.39405318062194,10.66853725947723,325,0,6,154.62828329121123,892.5947905973993
2025-04-05 15:25:00,84.01141212156458,1.218143021981221,0.013659808572260592,107.91597582138378,11.6286949543955,153,4,8,60.9249093484983,335.01471540317226
2025-04-05 15:30:00,53.60992044895879,0.5356339354311447,0.017000288515102702,122.77128399874603,10.929093459162003,129,0,2,190.80662246255406,185.58700241420257
2025-04-05 15:35:00,51.532625110290304,4.344592376598928,0.030778749924796546,147.1853035438781,12.139203907676672,58,1,7,118.81332979841814,223.22759759704888
2025-04-05 15:40:00,62.884144425560685,2.4169516054603672,0.019061940693576567,79.66730815010001,10.79531412114592,223,2,8,190.76244134360928,813.5231812896197
2025-04-05 15:45:00,73.13114783696582,5.117690079395844,0.03126042830841598,164.507986095867,12.033623906578509,248,3,2,66.10976355366988,492.24422018766325
2025-04-05 15:50:00,93.41362527041903,4.119165671628732,0.022696425765506834,134.950444523091,10.62951405947547,239,0,2,192.4853891629302,218.72319256965062
2025-04-05 15:55:00,86.3584534883154,4.960274429006973,0.01346730784941142,107.04745620343279,12.68389883794314,373,1,0,66.379564913802,406.2593857776621
2025-04-05 16:00:00,87.13532605999904,1.7350329863488612,0.03188894413669268,83.65366241158668,13.015750737765696,388,2,1,119.22436976770041,562.8119345677477
2025-04-05 16:05:00,71.27466672240377,4.3212334844846465,0.00938148815864227,94.54982887123967,10.441576936999734,292,2,6,190.69881000902984,866.8465154605074
2025-04-05 16:10:00,67.29674962734815,1.6865336489620952,0.008833980353015927,173.66365675617118,11.871209648149357,286,2,2,84.90623005833072,677.5689288026575
2025-04-05 16:15:00,68.55193814923014,5.83888530943062,0.01986233057033129,151.09061618507624,10.283486802619494,203,0,6,55.21774712881011,258.42952097200066
2025-04-05 16:20:00,99.3824781868029,3.976839884537676,0.010269660898452037,103.9893859367841,12.39272978216801,98,1,4,168.96660125423313,242.8324411225028
2025-04-05 16:25:00,52.005459570624126,2.0583950956888497,0.0003577574747328817,84.08488261406319,11.057617191718581,349,4,9,139.38254565035146,471.1007940699903
2025-04-05 16:30:00,93.35157480612243,1.7200589683056764,0.025523538479506544,151.5864537377567,12.11049782735483,175,1,7,127.0881789352161,167.67356293158076
2025-04-05 16:35:00,78.93377042861967,1.2366359066162669,0.020121814860750455,138.82003440451862,12.069844037537164,261,1,4,55.15150765298276,780.0194757554857
2025-04-05 16:40:00,71.93077095947953,4.33527159796067,0.017540080908377203,120.68810864148938,13.697417384775202,270,1,2,147.98469032102676,461.30843827339487
2025-04-05 16:45:00,86.26288302075682,1.4075821377249373,0.03806964711737453,116.2700365125269,12.196332890274892,142,0,8,75.74350278268471,408.72139550325124
2025-04-05 16:50:00,74.33344707123514,3.724188537961035,0.022488168992538308,100.41594180034369,12.331993918873263,188,0,6,189.6795020307043,558.1974991522923
2025-04-05 16:55:00,93.67116190408302,1.6900587600247987,0.03399338756072585,149.31801570605188,11.606612503057521,271,0,4,152.8590426613523,738.0611233865629
2025-04-05 17:00:00,95.03509320056293,4.134287321435558,0.005490169744420776,181.83214700173804,13.796318412731267,19,1,6,156.05508320507548,612.4122500437469
2025-04-05 17:05:00,71.08604634367276,5.075298249223338,0.02240971537405188,95.97724655037719,13.108743637758439,332,0,9,84.88704089169207,822.1625035497884
2025-04-05 17:10:00,63.841389861752575,4.848216101244559,0.03417244470235832,141.48859496167435,11.141621161211367,299,2,8,182.11307570850775,666.4263074831057
2025-04-05 17:15:00,79.61751642966811,4.742569528282728,0.02295693197468531,122.81198602056543,13.376838343104929,425,0,4,130.65988561748014,809.1732406674374
2025-04-05 17:20:00,95.61816728083454,1.2169251635792637,0.02826828999427786,125.24238194842381,11.72958544074036,45,3,6,178.56262667213457,727.1040462082075
2025-04-05 17:25:00,60.53310945028333,0.605843544637902,0.014647392469123385,104.44790625380395,13.314668574134377,94,0,8,90.64212122484139,273.81055623736285
2025-04-05 17:30:00,81.14832917817414,4.3617717718097495,0.003639746730701016,166.11456657143327,13.291552273174009,417,0,0,163.3192569647369,147.1190051672189
2025-04-05 17:35:00,81.57801100462603,2.3280518381678377,0.018027580409182314,129.40760524790204,10.755480747051418,63,0,3,136.18503554900713,913.0571204530434
2025-04-05 17:40:00,86.65565112076405,2.721746429760096,0.015530693065264905,135.68783203741253,12.804564525534307,412,0,0,57.26289587158725,951.0905488438758
2025-04-05 17:45:00,56.57838425636299,0.2537530150874098,0.03413624608627739,109.91417858211119,11.162571877226124,130,3,7,110.80134856599304,754.239066968325
2025-04-05 17:50:00,85.79124823410443,1.6589405508386175,0.009606119453147067,96.63531429203059,11.189970679970672,8,4,2,77.58656976851972,751.7852404263541
2025-04-05 17:55:00,95.45162603328205,0.26929995344360785,0.038060423211479955,86.27832192590462,11.185392307522322,458,0,1,103.87603818181341,343.1323724446986
2025-04-05 18:00:00,58.984155443512094,5.470512472799398,0.03772199359051499,154.12486721989094,12.902272990239792,202,2,3,107.50274513978337,588.1975379936496
2025-04-05 18:05:00,61.87716624619388,1.559409540436997,0.009749282550886848,98.19330242228841,10.919304167170145,408,3,2,121.23925295425771,993.0156973341474
2025-04-05 18:10:00,98.56975470208198,3.4906373285080208,0.013702840292337655,151.52813825239016,10.003623340984362,469,4,4,140.04356640926946,870.5292382630175
2025-04-05 18:15:00,59.04884763547449,0.30192123263941995,0.03525811907377894,119.16065617307102,12.860947413930532,297,0,7,135.64664787472987,373.95491729679696
2025-04-05 18:20:00,92.71925466847895,4.164297440791581,0.03805601349890184,121.90367850688236,10.684738975340501,173,4,9,55.84871070574926,370.9412791281013
2025-04-05 18:25:00,74.61389282240174,2.049263366099814,0.017458241822565338,127.67116957801935,10.417929581231338,72,2,7,162.60338277330828,535.2195620332532
2025-04-05 18:30:00,62.36155372015885,5.58575243687881,0.01263768578658671,116.71251887777467,10.950064482376241,83,3,6,192.37758267091525,464.13879955100606
2025-04-05 18:35:00,93.53749506362557,5.525460883043695,0.020712373911114534,87.86695754003973,11.519602089290816,58,3,7,102.302193347745,434.0377416521572
2025-04-05 18:40:00,72.26526275013327,2.06318605253837,0.027077542431539613,110.44023548030734,11.903625309892803,20,4,4,76.96203520073878,664.274717925493
2025-04-05 18:45:00,75.74086769648451,5.604463729889209,0.010766719017764492,148.68331095494534,10.178280162850523,457,0,9,131.0002344673078,110.3432226701838
2025-04-05 18:50:00,67.96166846998828,6.190073648422136,0.028995022532070355,148.90471535863807,13.882293330509441,405,1,9,155.7369392366216,787.0056724299492
2025-04-05 18:55:00,79.64754257174637,5.139741730660381,0.002033755315339129,107.9122251819194,12.864252213678233,156,3,5,151.83573417914948,766.0476970082065
2025-04-05 19:00:00,58.17619362925114,5.259424786837543,0.0019407291095843518,126.69108366823029,11.292776261297345,318,1,7,141.81643662512874,847.2931125352311
2025-04-05 19:05:00,69.55407683258804,1.5939324929119292,0.01520818558035063,97.89230062528925,11.274789029141589,328,3,0,71.93483781923129,857.3056059761321
2025-04-05 19:10:00,98.47061611676438,3.6097639481783648,0.013916274918749775,99.72018480522226,11.794170197473838,60,0,5,175.52373416044975,609.7597252844216
2025-04-05 19:15:00,62.90667163505638,0.4758667577263916,0.01242651125232632,79.4890855479136,12.504979291052132,63,0,5,113.8432343628223,802.0665420609615
2025-04-05 19:20:00,82.8368332270646,0.6460317078760955,0.019331497158251252,173.84862739003643,10.585492266355871,324,3,4,83.2202874547805,543.1556129324673
2025-04-05 19:25:00,66.25950321123474,6.206897822194204,0.01262731320896479,99.75631982808986,10.755719255059809,167,4,3,62.939921159464475,956.3768527764704
2025-04-05 19:30:00,88.67365628433004,2.0714822548447747,0.007569213475880626,101.57365870913803,13.437738331334204,202,0,0,112.50786724595736,271.62867680869124
2025-04-05 19:35:00,56.54368303591749,4.664644977575667,0.012183847094573126,107.19695472567423,11.02501969555629,128,0,9,142.69595702709609,924.0553828665094
2025-04-05 19:40:00,98.49105225392724,5.024395979576828,0.03838207871096623,90.76007174310634,11.52077999190071,244,2,7,149.80665637272617,332.67732514095076
2025-04-05 19:45:00,72.68947706918196,5.340329801497426,0.01618557633842889,146.04039138358718,13.485087403800469,105,0,5,194.4105367095885,192.4510363181668
2025-04-05 19:50:00,61.8025231673232,6.199120298572247,0.017508386496190364,85.11543894317936,12.65259131759929,320,2,2,72.97221254956361,495.19400266627065
2025-04-05 19:55:00,53.67483736650063,1.5477203341513979,0.022698633908875377,91.49386204324583,11.366847517366754,121,0,2,197.86604977963282,653.4255181744535
2025-04-05 20:00:00,58.48789525437704,0.3103581530027208,0.03871422438654494,146.63372647173003,12.734798182898484,317,0,5,148.20138208583418,307.890885879957
2025-04-05 20:05:00,75.98869742780089,2.5916116988053575,0.009511866413403633,113.68334701199582,10.078732861525655,181,4,6,118.13435865608022,600.2166170298681
2025-04-05 20:10:00,66.85015882156432,0.8623378233335978,0.02682214481987297,153.45836528372843,12.94257064004546,102,4,7,183.2291338772239,827.1040212410543
2025-04-05 20:15:00,91.44416829413046,0.20009159202770202,0.02818838898320703,137.20187242437535,11.948064162064957,315,0,4,154.1719612930089,331.37646922335045
2025-04-05 20:20:00,71.5443761830903,2.2793290022765507,0.023910423021584682,104.65028669064341,13.252728589137845,301,3,9,102.30758222855229,622.2900213227826
2025-04-05 20:25:00,62.435713629381496,4.88336008600782,0.003487338089328641,147.28941865284744,13.818550608025873,260,3,5,182.61285448646925,405.3813365737723
2025-04-05 20:30:00,80.8572493302015,3.5450388966434137,0.02664852918655927,89.5575574716311,13.703154197978273,112,0,0,149.99231852293022,576.7916207774322
2025-04-05 20:35:00,85.33886084427229,1.9862137021429067,0.002523415182965332,134.9323213726433,13.637060173821363,405,3,5,154.82560336913292,700.2271176174726
2025-04-05 20:40:00,58.35209539504749,4.087369648320665,0.023470195727044396,124.21199534486375,12.048679823735549,473,0,8,184.45848321290393,415.3803146344831
2025-04-05 20:45:00,58.380960814415886,1.4894138502949938,0.029117384905337728,105.93034694428361,11.440568456555752,436,4,9,117.26243119535829,995.0345942069206
2025-04-05 20:50:00,51.83357134667715,0.1506056139198497,0.00830590569069651,142.23253975586601,11.860141298922692,69,1,3,148.5356158939635,607.3976785866768
2025-04-05 20:55:00,86.82010075328202,4.764112678025554,0.033134742599159765,171.10402797275052,12.759584013253443,159,2,9,161.70335324566707,842.0154031836448
2025-04-05 21:00:00,83.19022638109026,3.8991381574118384,0.0011950323592149312,184.88170757441225,13.535991107484747,239,3,0,118.09100871961724,752.621700619712
2025-04-05 21:05:00,73.7315437874907,4.751497266478982,0.03322099682351388,142.63837902428986,10.827945212000479,10,3,8,62.517817360669014,867.5247823326529
2025-04-05 21:10:00,92.20852244845986,0.30166714823559154,0.018123200756710724,120.70823442755038,13.672772633846812,137,4,3,165.7159653641541,256.42085908471114
2025-04-05 21:15:00,90.28350764750266,5.211739516621126,0.008566458953902836,101.32236682334978,13.260720927879557,494,3,1,57.17245291150427,300.29833875490385
2025-04-05 21:20:00,79.2677182198376,3.8731976829833026,0.00526685894622702,104.76637765467207,13.915424060712938,166,0,0,157.68716025841076,538.6700601012612
2025-04-05 21:25:00,93.41356402566294,3.5279046714298725,0.037531798518434765,128.78113764017468,13.521007093126748,246,0,2,186.63128127868296,867.0958088368981
2025-04-05 21:30:00,60.292060501838414,3.9044959513406483,0.0028608514496288977,116.66599173831659,11.119749318767626,353,1,6,102.04534975550277,277.8459232517729
2025-04-05 21:35:00,55.5959809698864,5.379761235294438,0.007838327852219386,175.69196844349398,10.42382364537619,30,1,9,65.30926777067403,973.9592488965685
2025-04-05 21:40:00,63.48748057584948,3.672719807768445,0.013693800600673761,116.77591050681663,10.448964287966355,11,1,1,84.92959846862617,214.84207748362726
2025-04-05 21:45:00,52.854342804465745,3.635895713164829,0.024418708027084207,117.33201584370703,11.164893274313105,242,0,8,134.34223461880885,257.5701506624572
2025-04-05 21:50:00,76.5584764000516,6.156372155200608,0.02144887320742852,118.4217273428695,12.456734895938157,107,1,1,191.39896146591295,250.51040502946788
2025-04-05 21:55:00,96.83028461474808,4.717217888351476,0.0049465968606220425,167.35498271970707,13.21728130438869,335,1,4,126.84240948291752,627.4053577311576
2025-04-05 22:00:00,51.967177033425486,2.7829396874510763,0.011406619692571883,147.28513865146542,13.59700122792626,421,0,7,66.91059322950444,925.7869734369724
2025-04-05 22:05:00,56.105495700501336,4.413741314943858,0.009399681102833877,143.33023583444043,12.49501353747693,322,4,9,144.1674760574507,329.6002484497945
2025-04-05 22:10:00,72.60995141417176,2.4565167215134234,0.00840720353557019,113.08744641745712,10.022525250992215,193,3,7,159.9267405181912,597.7331681127052
2025-04-05 22:15:00,96.69375087639524,1.4700811924884591,0.016186793641650737,165.33365109790347,10.745267106074134,307,2,2,108.99255049891865,258.19525904271467
2025-04-05 22:20:00,65.80780524883752,3.733714931176877,0.02771778869167879,81.14329702641572,10.398904815413472,132,0,1,158.22710965181219,668.0232065870186
2025-04-05 22:25:00,75.36174043441963,5.771916941022925,0.0085611436866858,171.0460946125162,11.45329790227604,394,0,8,98.72342227087847,210.92170256156058
2025-04-05 22:30:00,52.0786429525196,5.7778065916461285,0.014436184161794348,132.3769891777444,12.005403974534984,280,2,2,168.363522739462,542.1796907614281
2025-04-05 22:35:00,57.41716004810444,2.165392343160698,0.015390458186479241,120.01102536524859,10.173588714314244,290,2,7,101.16082393551034,689.6636323091807
2025-04-05 22:40:00,99.33150614794235,3.3081835011500442,0.03844319120952504,130.69406631751005,11.393911903182621,162,1,1,88.41606374009389,621.2151250799592
2025-04-05 22:45:00,98.25593482180227,1.364030758309507,0.03758530993696463,149.08087729765379,10.71671869850129,277,2,2,181.87721088373624,226.00043443066824
2025-04-05 22:50:00,50.24699904672048,6.186834451590264,0.031501496646707504,78.37866606393291,12.588280665035496,420,3,0,132.27101317630945,245.2360343633464
2025-04-05 22:55:00,97.59058927116195,6.09755543374509,0.009514135878543401,171.12760049749073,11.857089477297361,469,3,5,92.77344331125272,704.2519043424894
2025-04-05 23:00:00,81.95599689077503,4.057638630296338,0.002678635859520445,125.24786873363043,11.981270587735635,438,3,6,190.2630334470601,828.0183664807985
2025-04-05 23:05:00,93.39591472600111,5.0105488298909275,0.012476547592474768,114.04038412760845,11.710767152133844,202,3,3,153.62767631990738,917.2669622766318
2025-04-05 23:10:00,72.73699278169295,4.461127872938438,0.010503728090664863,91.93052108847816,13.824078841946267,95,3,0,83.10505994833508,832.2503638115052
2025-04-05 23:15:00,75.77980142896251,3.7109931256554565,0.01991834934434354,124.46226043071174,10.858940500486252,482,1,2,142.1963531889171,976.5314909984752
2025-04-05 23:20:00,74.44232901284602,0.3903111925461847,0.03061922559216002,130.60285929871293,12.066657039375498,222,0,8,180.55382469335368,467.42662374862186
2025-04-05 23:25:00,83.34321287730522,2.859653105533267,0.03379225993595453,120.5938430052956,12.944069473461344,236,2,4,154.4229713810086,398.0491787998309
2025-04-05 23:30:00,56.98256273781564,4.213134229704254,0.03326238352902026,150.2952901333049,12.22737765253825,116,0,5,86.71387261401956,125.36564711060521
2025-04-05 23:35:00,51.4986794936339,4.230022214860138,0.0141604628129083,122.45682510599642,13.716083542867205,455,2,3,147.3272493041772,504.9062703892841
2025-04-05 23:40:00,65.39649707955954,2.3574280878641756,0.027056484825481432,180.83309840742993,11.511873422565136,191,1,0,142.8739059080301,686.2343971719092
2025-04-05 23:45:00,85.23403813683234,5.8550240052727025,0.012316313639948295,141.72197192494792,11.854703223092713,275,1,4,173.12654953680328,833.867777190228
2025-04-05 23:50:00,60.09267260614742,1.0916460841322084,0.0023978573277234666,164.20761705040618,10.354089260858913,105,4,4,76.71988954950497,340.7098444969333
2025-04-05 23:55:00,83.67162166624587,3.1401347095986503,0.027620694663314398,88.81043753582371,12.435996444207714,481,4,4,154.945200050204,562.2321487323615
2025-04-06 00:00:00,98.49560230536352,4.312160247194277,0.00038691172742780444,119.9074596381578,11.152847873792425,3,1,5,54.10560382005531,695.8086081526419
2025-04-06 00:05:00,54.69503578947092,4.350618831143714,0.01610955938649944,113.3795517562925,10.641236158062275,17,1,1,154.42629509536513,596.4425793856844
2025-04-06 00:10:00,83.63010591125632,4.052286928343317,0.01296769477034965,138.5040979187519,12.178125171618031,306,2,0,194.06559559078354,346.61864566216695
2025-04-06 00:15:00,72.18751096522855,1.7555926135598785,0.02729834302924107,170.00026016663395,12.129241053519642,451,1,1,76.15823993744262,816.6541944655561
2025-04-06 00:20:00,93.40711271887527,1.0230531947346124,0.030167160887123394,85.46052751829673,10.30348656489619,19,0,9,96.69496592285134,256.0249112247403
2025-04-06 00:25:00,58.857489472369295,3.9741703805243374,0.011972236227653041,84.83807818882876,12.792861813977892,121,2,5,137.43073580428268,914.4818504077276
2025-04-06 00:30:00,84.63129761130823,3.748787756556018,0.031953836721395325,168.83431248102067,12.495088762603412,136,1,4,159.85925687858835,957.3370741493302
2025-04-06 00:35:00,91.90576448240552,1.165458672347416,0.011571532252755291,99.9878092921426,10.756069130985988,79,2,4,101.65570856068015,429.0159358677359
2025-04-06 00:40:00,97.23071097370116,4.399851958621032,0.017571913425306913,149.2253514805799,11.877739448616175,153,2,5,149.63884657102062,438.5636114373566
2025-04-06 00:45:00,84.16240141448229,2.8621607891877843,0.028622792110399153,135.63083829496696,12.88129166591424,357,3,9,184.89181888044996,768.9504330254747
2025-04-06 00:50:00,74.85873820042136,4.169915058993923,0.027280338716602848,166.9525082478208,12.117742962165106,24,4,6,158.98381808363928,510.6597386968006
2025-04-06 00:55:00,80.8923620100607,5.2132617352661965,0.03887279549177854,90.50960226233158,11.58195630473428,451,2,8,156.6534076403366,125.74912923931167
2025-04-06 01:00:00,93.44524922393592,1.1062339015933862,0.008864612039483659,91.01656029804201,11.289353832323775,168,2,6,107.29559876249239,927.8890549077169
2025-04-06 01:05:00,78.53048733194149,0.1799081511434178,0.02607552248784471,137.1363829100572,12.441575466576214,58,3,1,186.71439632573012,487.67530776918653
2025-04-06 01:10:00,51.519352984841845,4.8548434567922305,0.024003237697008184,179.20889456270407,13.756434793240963,300,1,5,91.59844129416166,283.1455904862802
2025-04-06 01:15:00,96.54743477534889,3.8127352577686104,0.036027517663117924,121.81975790404145,12.686979361909934,40,2,8,80.7920534929551,600.0976658339075
2025-04-06 01:20:00,84.47633755157806,4.366020916255107,0.006155993152772895,112.30974682750704,10.298983614545262,37,3,6,104.63359005897559,297.0155463321849
2025-04-06 01:25:00,83.82566928886233,5.218108530140311,0.029598368880233906,142.52244690537168,11.842739893928535,116,0,1,147.52343311077408,285.41979971344705
2025-04-06 01:30:00,60.78375761988586,5.0006870904900635,0.022372792249363036,177.48844885886336,13.56329652604251,274,3,2,179.251697929176,591.1581946515694
2025-04-06 01:35:00,82.94427351163286,5.9733074349113755,0.010813622760136815,167.38820594721938,10.377849703204348,269,4,7,69.81181735209756,451.93806297052214
2025-04-06 01:40:00,69.69322028270793,3.3589808072260534,0.018678550013465658,184.51222995918775,13.955502848550173,126,4,8,172.07032658902443,615.6939504279001
2025-04-06 01:45:00,82.5616488520746,3.0671535956390286,0.013140818004297646,79.43740698585673,13.796277574581685,404,1,3,171.92350920034926,997.1428931301164
2025-04-06 01:50:00,55.32965151539953,2.534375507704698,0.022807626599121982,89.18867962897832,10.313097922919503,398,1,8,138.0379034885129,873.1163389336915
2025-04-06 01:55:00,82.89226523015179,1.0075787541331476,0.03500004294783447,142.8225184435952,13.733653281798219,2,4,1,164.09719093670384,106.90371936080987
2025-04-06 02:00:00,99.97068628853333,3.5845722361410384,0.022413594166806834,165.6222554480558,11.452530361037848,292,4,4,77.2821047227381,145.50013858365077
2025-04-06 02:05:00,52.4106019430278,1.766199837604282,0.024870974781759446,107.80638896913078,13.37883666830345,372,2,1,75.43790012310701,649.0714961181202
2025-04-06 02:10:00,98.85870921106587,5.729627424695759,0.02042315461569082,102.83479750769563,11.673533350853086,497,4,0,179.42000511930905,663.6304730190682
2025-04-06 02:15:00,70.34539803614354,3.6496778471201976,0.002014391105309031,161.9933863331697,11.763420450810063,429,1,4,124.72226558518504,890.371759668394
2025-04-06 02:20:00,93.53767251686295,3.7090366884447987,0.009167664670067518,83.08924021614901,12.53697236391017,15,4,1,86.89058213792737,666.1514570696431
2025-04-06 02:25:00,89.11927420291367,2.2454820253927052,0.01937015728791404,116.89332593891919,13.097909677103933,397,1,6,153.30955364094856,304.94308466416805
2025-04-06 02:30:00,78.3508130493334,0.3819533887146268,0.012213994144557401,131.62739603997161,10.135156603792995,264,0,7,183.78127504013315,521.6646049332858
2025-04-06 02:35:00,86.92246046256633,0.2574111868124352,0.007156051020217992,137.51765682983495,12.372623982108538,238,4,1,144.8483968916375,828.0868606040697
2025-04-06 02:40:00,93.92577806506739,2.6663141003904034,0.01984776039961311,155.6904369336199,10.746931976389483,262,1,6,102.10175644100258,930.5424681385343
2025-04-06 02:45:00,70.20701608255165,0.582347188181222,0.01270905384902121,115.32333813051109,11.383798071452812,397,3,3,122.48566479395218,313.2236070700382
2025-04-06 02:50:00,66.35165807816193,3.7952003861482244,0.010161723722501655,143.16990922485758,11.391874664620866,133,2,0,162.84041914180094,585.6442615119932
2025-04-06 02:55:00,83.37966927817924,5.481506767124464,0.018267152283169535,140.22054566142327,11.876241360884615,212,1,2,60.125184330858126,243.03479515336244
2025-04-06 03:00:00,90.39229709706294,5.493451958305044,0.0052474145691209645,136.1425388706047,11.336545647504693,14,4,0,82.57467739346635,547.2997290348123
2025-04-06 03:05:00,88.11425673883079,4.116302984838826,0.036525442285752094,146.17219565935892,10.429444473802672,435,4,4,119.38747799741708,181.10270867455097
2025-04-06 03:10:00,89.89068244293173,1.3615451101062497,0.03416151836529023,105.02051047535225,10.582514954101805,327,0,7,140.6361446145648,947.5552629554268
2025-04-06 03:15:00,71.77916574064665,5.370925020573107,0.027859093222663448,86.14206538713992,10.133751942244391,417,3,0,100.87483865634867,674.2508124543539
2025-04-06 03:20:00,90.89171080875107,5.513005463540635,0.00418164901354028,89.88134058029229,11.880996341315017,359,1,8,94.7586382804821,868.7950675423094
2025-04-06 03:25:00,56.01045276853042,1.2718659638844685,0.03054636509619726,101.25489732662132,13.817790779411954,128,3,2,56.20762935495819,998.4656567637156
2025-04-06 03:30:00,77.22445489804248,4.598467424979973,0.03180936080338489,131.02137703646082,10.462700894592466,351,0,4,54.89026580771713,264.3993952348404
2025-04-06 03:35:00,50.28793302490608,1.8246829925003136,0.030226969775875245,167.76781705897017,13.785057972012329,121,2,8,91.80422814542383,724.7290734636838
2025-04-06 03:40:00,66.22929149501351,4.999637493917818,0.004486848372473236,152.73968094554547,12.933446058928375,240,3,4,129.57591501343146,898.2876641561722
2025-04-06 03:45:00,68.32307674356989,6.196718739899914,0.0253507206605536,162.2163852538211,12.549995211736652,114,0,8,133.45572446681172,618.344350670611
2025-04-06 03:50:00,69.80863458046277,0.24684426067954843,0.0328474506411334,114.90536738401786,12.581111021294252,196,1,9,124.10412393003033,675.7267405299049
2025-04-06 03:55:00,84.7733603344931,5.5823486413845345,0.02273046114135844,120.70260409804341,13.306910593585128,221,2,7,111.48210260042515,466.90398056542364
2025-04-06 04:00:00,69.42790506351729,3.8922942171980446,0.025449123003467387,119.51764368698619,10.427679457519286,213,4,6,87.84373838919811,707.2847503448626
2025-04-06 04:05:00,72.43468113112652,6.049971241385335,0.018045816021361617,97.72230391568617,12.019017294262166,403,0,0,110.10416473891732,456.02012322651143
2025-04-06 04:10:00,61.87720654371637,2.922677046257647,0.020815260054567138,83.61139907950579,12.788364553043035,79,4,3,70.81399480782703,528.9576743363035
2025-04-06 04:15:00,68.662589581467,5.274905729489944,0.0013534203509932567,140.81893802534051,12.347281780294255,262,2,8,67.28888435390552,192.6205683605424
2025-04-06 04:20:00,61.363481363157575,0.4459587615099032,0.02515603807139041,183.83540180942333,13.331116284093179,134,0,9,94.99148852206872,107.02756016234348
2025-04-06 04:25:00,53.659796188422185,2.124630618399387,0.003206584916246226,95.01760813462838,10.289086836045406,305,0,7,199.30231946408296,149.63601172505216
2025-04-06 04:30:00,80.17242966906889,0.4743942174821702,0.01712656808063403,82.04196054912157,12.762804157996664,241,2,3,98.97454212745977,273.2694768438415
2025-04-06 04:35:00,83.41063992775082,6.062031488110933,0.011521860460675612,161.18942163698475,12.13611092153887,385,1,0,190.46845855326578,510.94343763555884
2025-04-06 04:40:00,80.97451730048073,5.087811647980544,0.021473552942630165,104.27928872195021,11.516643455919773,302,0,9,108.8393218651541,118.8946637663085
2025-04-06 04:45:00,73.17470219002863,5.306644712501597,0.005252614471182215,166.60153097811627,11.361099928936124,269,2,3,115.8514986799414,240.34297523880926
2025-04-06 04:50:00,68.98928900896149,5.832098598830972,0.027230069900029734,153.0251600397277,12.483330531096772,286,3,2,169.5594324803344,803.3001434959947
2025-04-06 04:55:00,93.16668247859127,0.5856573989099977,0.03129968371002757,179.1327420014869,13.563981498577059,49,4,5,64.0457491171185,785.9499024358423
2025-04-06 05:00:00,75.9540892568109,2.4341688004102644,0.006431281021833045,121.16414146172058,11.984703704404462,188,0,4,77.34699853904593,810.7572625079499
2025-04-06 05:05:00,73.95909388148655,0.4991133983975904,0.004106816680352335,148.49274266066848,13.29889265630768,296,3,4,196.0760397462822,929.3868488770966
2025-04-06 05:10:00,51.282103290321785,1.358846231002104,0.0057289591088866085,127.20431632783324,11.608625527375871,13,0,1,125.8876009941042,207.16390066106723
2025-04-06 05:15:00,67.06239138130782,1.4730973982123876,0.0345325998247002,145.1035793093227,10.409577851172706,388,1,2,56.64645233129455,246.82588860509466
2025-04-06 05:20:00,69.00978093929285,2.9478843066748657,0.02079486405427392,125.55668184883562,10.246022945834554,458,2,5,57.10710995840758,400.19825314118293
2025-04-06 05:25:00,69.94113904484502,1.71421685127309,0.018396112138914976,97.37228261380008,10.20533748529471,231,0,1,186.0861025666089,923.6270790828187
2025-04-06 05:30:00,79.00861846136661,0.6833112853934444,0.004201254989241598,131.85292092836514,11.52060056783068,260,2,3,181.00476343380765,797.9299687053505
2025-04-06 05:35:00,76.68012733634393,1.0924707446627986,0.02557308494162226,134.08709375524379,11.348951003343368,191,0,1,118.75986604176502,391.7091450990877
2025-04-06 05:40:00,80.39525463967223,0.9681134655792705,0.034173230732868876,164.54521561209737,12.871748094490279,412,1,8,74.48331289168982,178.8722360044614
2025-04-06 05:45:00,88.2441630771064,6.048089959656071,0.03260576049385128,156.43623622570675,12.971286006339463,202,1,2,174.54269095437195,654.7420235339507
2025-04-06 05:50:00,90.64928693580467,4.732980308732745,0.024647836498045042,148.68949538567597,10.20341587533496,260,3,9,98.69001609194757,331.1372492250871
2025-04-06 05:55:00,85.90615381132471,6.015392303416529,0.0029637306024480558,89.24580631967783,10.88449305155606,112,1,9,112.85875979946431,578.0373093716978
2025-04-06 06:00:00,97.77618479774674,2.7672327598348656,0.004425082199622348,154.82655939168123,11.0970474006356,373,2,5,152.3714568573977,947.6230236408793
2025-04-06 06:05:00,50.91162913381808,1.7745411080101454,0.0019412997534125084,131.0329568862876,12.190447936571237,351,1,0,103.00975301114818,615.355520782901
2025-04-06 06:10:00,59.788899284177305,4.972895898206389,0.010136982501230164,173.5627498994652,10.5780608956278,35,0,9,144.30048900474395,931.4509927810277
2025-04-06 06:15:00,50.37814374890711,2.06911186074074,0.005341005528250788,176.3460608860986,10.535764877600002,78,1,2,182.79240656638765,453.7349073953879
2025-04-06 06:20:00,82.37373570773015,1.9038157483963931,0.010238117349542346,82.95691178499283,13.775155556831832,274,2,7,169.6059903161716,670.0162035598936
2025-04-06 06:25:00,94.90152744749935,1.4924146607533055,0.015159774159461093,165.62928851828372,13.216811629191124,447,0,4,107.24166108007407,904.5009765522678
2025-04-06 06:30:00,62.174114828814965,0.8598667881438964,0.037125326507159016,81.07131816564842,10.722619608364681,277,3,7,93.19048320556021,629.1885804482246
2025-04-06 06:35:00,96.35172723981533,1.639788316001784,0.024030566511211195,116.65431957506246,11.626271231621963,161,3,1,92.82656731093385,653.4088093243938
2025-04-06 06:40:00,53.01336951447804,2.247912435546784,0.0328730014397168,135.56839736707656,11.422487997030263,311,3,6,102.28867255648746,744.6771838731021
2025-04-06 06:45:00,96.72180134027572,4.208261605586235,0.02796660961819459,92.99488625172977,13.164016296261629,16,0,8,124.02754800871584,893.8969814694277
2025-04-06 06:50:00,67.58113436198173,0.4470092878899542,0.004429259499146544,157.60189175746027,12.040851665912488,203,3,6,112.48962210409147,179.3620551167677
2025-04-06 06:55:00,55.07104142246082,1.357085885307259,0.028973259990983,77.90230805059096,10.511398947973868,472,1,2,69.95060314814867,403.17344395847823
2025-04-06 07:00:00,74.29358795931628,5.038905001077624,0.010830670476870884,95.20869723087597,12.955968252624976,439,0,6,74.51837875008624,457.9162534725434
2025-04-06 07:05:00,62.8388283860254,0.9659380235337953,0.025161739846966288,139.72605762417538,11.587551912899675,16,0,7,101.43944140972751,918.73869885026
2025-04-06 07:10:00,64.24364509809614,2.169943697664473,0.013423706998521821,154.15385670002757,11.051696990528589,201,0,0,134.3096150088286,960.4071320645813
2025-04-06 07:15:00,65.36449824631433,5.381149491445752,0.039278456771955954,175.99745509094294,11.50199448808288,475,4,2,138.8995925200242,208.34241819861228
2025-04-06 07:20:00,90.15129489163317,1.01517144555407,0.010376048102936093,153.19363840893936,11.991026254427585,209,2,4,122.9310597344945,207.1969118099027
2025-04-06 07:25:00,76.95806383376272,0.5710987758206117,0.010989394547430073,149.5521611875255,11.372462065668039,498,4,5,160.81638218112718,941.3756148271261
2025-04-06 07:30:00,65.56538495780018,3.042807899554528,0.03664065976871717,119.58884380587175,10.96762309036703,401,4,2,160.58731831351048,366.1947112443334
2025-04-06 07:35:00,80.51668916554593,1.922492770012289,0.0009702526749724871,77.13871795689455,11.594008115215921,428,4,3,114.14412075310828,317.63297713343746
2025-04-06 07:40:00,85.80753371115968,3.5279847265921997,0.027428715121466548,89.97719994344718,10.076691642999593,479,2,4,68.66612161414164,132.0605791786888
2025-04-06 07:45:00,63.63120003667669,5.006801481185613,0.028556172535910595,134.73189083365224,13.089991384385256,77,4,2,129.52621546506847,348.0363412935841
2025-04-06 07:50:00,70.67745507626758,0.905816022996386,0.03292830823050516,149.91402767119732,10.683779574270343,55,3,3,107.2203595990749,724.1737845033894
2025-04-06 07:55:00,56.09430466684738,3.634349851598948,0.03836377310376784,122.08441466081794,10.17561845452255,79,0,4,70.6884484645555,483.4325464656055
2025-04-06 08:00:00,59.05746747673402,3.1718110911268806,0.03840954511738932,155.91333324506616,12.614794771620318,305,0,1,197.2725814947259,565.1833164865842
2025-04-06 08:05:00,84.05589269824914,0.9484482555036976,0.00256995247306744,133.3611278958753,13.095744515294689,57,1,9,105.46330839201534,925.5660369533969
2025-04-06 08:10:00,59.071917384781344,3.9007092732211306,0.03235589632071405,85.01102912418573,13.255316526371374,17,3,8,143.86967594318463,203.22080440418483
2025-04-06 08:15:00,76.258169183353,1.7454560788569988,0.025445286719084467,97.73775510453848,11.9740367306424,207,2,9,123.5193292004895,164.1166437183391
2025-04-06 08:20:00,85.45231308612163,3.063085473645315,0.025485924564482038,167.71980811034584,10.82147273875994,464,0,7,71.42424188251492,866.7376742115048
2025-04-06 08:25:00,55.34384615473719,0.568241300442786,0.005053149445813195,155.29057663543944,12.948910708999307,134,4,5,58.331543505885584,797.3702176876359
2025-04-06 08:30:00,78.36561098144517,2.889301931627373,0.025597933761682016,173.63429459734942,12.798852308617349,331,1,9,143.86541226229383,337.3607682505292
2025-04-06 08:35:00,62.82813918506819,1.9473694648522297,0.03868043744652919,89.69618290506114,10.985082936412693,481,1,2,87.05328055218284,391.8107137366746
2025-04-06 08:40:00,98.146343761879,5.121075072197002,0.03589838826462498,183.94403373842798,13.613631023451171,9,0,1,86.54809994205726,379.25005219809424
2025-04-06 08:45:00,74.17728233599624,0.4126458928735091,0.017288618028953043,99.61592510659283,10.417485832331316,68,3,6,193.5464284565466,683.0279182197202
2025-04-06 08:50:00,90.2996274887579,2.6372302681304483,0.0015727557030708627,78.27222663895733,13.930752958365304,340,1,7,119.26599564669371,155.09035629008144
2025-04-06 08:55:00,77.51132710781309,2.8822114251953597,0.014263530930657064,184.72167741778384,13.440991243909858,386,0,9,54.41390997510339,540.4614267373543
2025-04-06 09:00:00,52.170626642740956,4.522064831296991,0.03253506920674502,107.35597962807222,12.7515945819163,82,3,0,100.97640727247102,220.48567220147063
2025-04-06 09:05:00,81.65756877970111,3.5949089837316572,0.02761808977459373,149.14610087135648,13.754999553119331,108,0,5,137.673731337834,837.7646868336228
2025-04-06 09:10:00,97.57016711033285,4.166542432029386,0.01808440565509962,96.08168993104097,12.889244673294831,43,0,6,99.28511277756812,442.5967038789687
2025-04-06 09:15:00,80.08059100731656,4.842212427579702,0.002169352949356696,139.66468147750732,10.761827988120183,482,3,8,54.02779310512135,574.8149738975133
2025-04-06 09:20:00,90.95944297133951,5.3660415470551275,0.016806888123876207,174.6357785370924,11.768624552451247,453,3,2,116.64668982001031,126.38584790090738
2025-04-06 09:25:00,94.2103231674204,1.9929650996119883,0.018465558779187045,111.57956608227137,10.286012097326541,397,3,1,65.88595042621668,152.4378821869471
2025-04-06 09:30:00,61.40398859744663,3.3718229939012696,0.03655732418559542,149.3874294127908,11.558629689152461,131,0,4,142.87400369940565,707.5493476601195
2025-04-06 09:35:00,60.60224199541133,5.230123188397656,0.025239624006639975,97.29358759022898,12.966412078948835,492,1,9,142.9380650334032,790.0934906271988
2025-04-06 09:40:00,80.54904944254959,6.1488178631189925,0.012269806493985192,144.47790306162233,11.54577340372327,498,2,0,55.66387093976011,739.0320261419813
2025-04-06 09:45:00,70.55142349033524,5.5340799878434845,0.020681832603251345,113.33663799629109,11.321176701872536,17,2,5,93.59993923990659,763.3167728120742
2025-04-06 09:50:00,91.99306514333603,2.3472450459972993,0.002600604074489224,99.81049192749877,12.381422890041247,92,0,8,112.05293956085058,194.1578654943961
2025-04-06 09:55:00,95.00115616990055,1.2627181583096334,0.0382901086943537,110.8236614759926,13.48881811599558,482,0,9,132.5396146788767,724.105756987787
2025-04-06 10:00:00,67.6710689651359,3.072670970572607,0.014175594345002875,96.31483539884233,10.19033277018445,435,1,8,94.40951445622926,263.57282442018425
2025-04-06 10:05:00,61.8435279487241,4.624398556631252,0.018813685549665646,174.40693964649137,11.541881738798942,293,3,6,93.16197688270972,188.21388868910685
2025-04-06 10:10:00,89.0262757621931,3.092211647024168,0.013987565594105066,119.8961837222499,10.63296296726105,463,0,6,197.4522734375389,781.444747409357
2025-04-06 10:15:00,63.740301777406806,3.0344594045589672,0.02687055506584781,103.49016493723167,12.781417002927478,147,4,7,56.27941935813499,900.4655053914082
2025-04-06 10:20:00,91.13071592568392,5.218572642282393,0.02607214629665191,125.42804682972076,10.422898241724539,471,3,9,198.3568121136728,745.0389166646429
2025-04-06 10:25:00,71.18691268243813,2.285338793267291,0.02816231089776312,111.61790601510151,12.659231034320978,482,0,1,57.16279116175948,825.016107533278
2025-04-06 10:30:00,83.37749496457351,5.351226721135632,0.010556825764144283,157.3972794118392,11.14472348319163,171,4,5,93.25121416920288,991.9793396094543
2025-04-06 10:35:00,54.77676569173341,2.564626489124517,0.012427899670277394,181.89175048363342,10.7956672549489,50,1,4,124.0536282454025,221.28032026601608
2025-04-06 10:40:00,81.19296623382866,2.081286977773709,0.004931153493380816,124.30763492334586,13.745410231299942,18,4,4,71.49475145214878,968.6372971897347
2025-04-06 10:45:00,72.58838393686145,2.8548891346094747,0.025807493142578637,169.99160719700197,10.074098306983824,119,0,2,70.22695437780857,641.0780249410923
2025-04-06 10:50:00,79.3304231587737,4.75238514867174,0.0015668168829173744,138.1132119444389,11.751109087558277,323,2,2,88.44690698914188,831.9278416105184
2025-04-06 10:55:00,58.40071038724317,0.8372477599531922,0.023530813317792134,93.9814518301772,10.086507969847176,224,0,5,196.02607753603542,685.152263428903
2025-04-06 11:00:00,86.8436872472091,1.270424225397552,0.03424001395619731,151.5872561447849,11.934372192417316,65,2,9,107.01752883118462,613.0340099068143
2025-04-06 11:05:00,93.13985387716143,5.915019305394301,0.0350721507613777,132.4509256895886,12.004189511177673,140,1,9,134.89922574037877,733.2570946195191
2025-04-06 11:10:00,60.836990004538784,1.141686639176056,0.017678661529541426,147.26550451122716,11.286649885578989,445,1,6,155.64371035724696,388.2327980616845
2025-04-06 11:15:00,54.78572777600809,3.5545530835743593,0.018082832135317535,173.0862405577398,10.528647110100096,188,3,0,161.33327532863154,931.8443711427213
2025-04-06 11:20:00,51.18192930231682,3.6258322736955306,0.003030284431943944,124.56693363085297,11.505550150937902,492,3,2,153.20614495180322,203.76331485020083
2025-04-06 11:25:00,82.0985750221633,3.0740976719253643,0.026408086128194858,174.3271833074744,12.689051759730264,157,2,0,100.53922897875873,386.22806567781595
2025-04-06 11:30:00,80.35470180443903,4.0283344985489205,0.03233306550602096,158.0722535424187,13.129583234577836,97,2,9,66.75917410340936,128.04611788045298
2025-04-06 11:35:00,77.33487063570351,1.4759329581123606,0.009632093965293012,129.76933199482235,12.12300240955257,157,1,2,92.25747129998163,344.19074288148255
2025-04-06 11:40:00,61.59735480579877,3.4618793293079873,0.01658665783999373,142.14799065106007,12.359337577759023,434,4,4,81.544284015426,296.39176942726397
2025-04-06 11:45:00,69.54529979527574,2.351588011081595,0.03302518857238237,112.16276231205322,10.802465484498612,245,2,8,70.44159573039752,144.66777461076808
2025-04-06 11:50:00,79.72381675930865,4.132431483152184,0.034532320523911045,183.22850837178763,11.149321332910597,343,2,2,53.67450976274281,542.5966574637598
2025-04-06 11:55:00,74.83834294295846,0.930884022256241,0.009574020141000601,149.07392560944277,10.647582440209433,431,4,9,190.35887735876213,521.7724376700488
2025-04-06 12:00:00,99.38927601074437,3.5739311466517254,0.02167602093895696,81.73546006963603,10.997181400018444,235,3,9,188.15515798180073,169.970899508802
2025-04-06 12:05:00,56.821987627836656,1.2018411973494234,0.007578474589847574,112.27516582078496,10.899547120902128,32,3,8,57.56255084452539,335.6654782675728
2025-04-06 12:10:00,84.75722770237968,1.7762302158314476,0.004010977132050755,144.3179588459782,12.07779514556495,360,2,0,75.96268592306026,957.9899444197205
2025-04-06 12:15:00,70.21593840521462,1.407546380634966,0.035870905251851506,83.0839940023179,12.250755023162917,240,3,5,70.92507071941904,199.6629620593783
2025-04-06 12:20:00,71.40998074628074,1.186877031737181,0.03230346249236856,79.57949266246742,13.779789683286019,329,3,8,92.1834401632276,374.51678397352134
2025-04-06 12:25:00,85.87988828290881,5.141558212853813,0.029922650087481135,125.60261786900267,10.782282588406092,337,3,4,80.61033057181118,132.2761586091927
2025-04-06 12:30:00,84.62180756621848,1.8196880305476495,0.0019199348483052196,112.93053940680836,12.566702840645984,274,1,9,191.87803060967826,233.99848236139007
2025-04-06 12:35:00,99.56279968510941,5.7654066314628585,0.0332176869418821,124.33624966758192,13.269037075950092,70,0,1,62.625565484030574,729.4573967192106
2025-04-06 12:40:00,56.41971447270626,6.028710828304639,0.017245839072802548,105.37087746704056,12.24096585513221,312,2,4,81.75062405067548,430.04485059664495
2025-04-06 12:45:00,55.20548246920832,3.5762875257063125,0.013480130243670323,94.78951666984193,11.020014610004303,402,2,0,62.10849568743716,506.8689136112085
2025-04-06 12:50:00,86.21694085643705,0.9418189308600583,0.021514828981205172,151.42748255387647,11.050200920080002,215,1,8,197.05780229666547,241.28055561759052
2025-04-06 12:55:00,78.91934585032045,2.3661979237164363,0.003596586301350665,132.57368055692245,10.157012212284,78,0,9,187.76202636455076,713.9261556021715
2025-04-06 13:00:00,63.70803332799029,4.969445272668537,0.029789250312658874,98.61665481493162,11.221776906193927,168,0,9,157.49473846481163,776.3694382821283
2025-04-06 13:05:00,53.97096844944933,2.3221679503641512,0.022930527220599895,111.51565803607983,12.978414716013521,297,1,8,113.895954832987,263.0008445650658
2025-04-06 13:10:00,54.282912479821526,0.5974298619448193,0.0073460707729062925,140.9152540276392,10.190071028828442,470,4,5,78.52672032859888,140.49411725794795
2025-04-06 13:15:00,94.70954373320592,3.4872400691947547,0.007410720528127301,84.8007696134276,10.877181130019324,179,4,8,83.22345875302136,172.84702087811667
2025-04-06 13:20:00,59.59336623593715,5.2609596272879315,0.007253887837281341,92.9249250007474,12.824929994127128,115,0,2,116.45600128340172,691.3411814827159
2025-04-06 13:25:00,66.16857810577604,4.9583362935468775,0.0022441896981583963,84.91052524359813,13.130606251291507,259,4,3,165.23340070047226,221.95954224535504
2025-04-06 13:30:00,61.3328201113494,1.1394198629887835,0.023141683731608166,164.7302719331248,11.821273640247714,485,4,5,89.70942439984384,544.526950751952
2025-04-06 13:35:00,67.74981529159686,4.20069767009868,0.033084591786477324,158.260197186897,12.792297353914595,259,4,3,96.618786880197,237.37737783355306
2025-04-06 13:40:00,53.47119213730467,1.4185851512851877,0.0006889064345048879,158.35779664295976,11.551808674619569,4,0,0,139.9916437106706,253.1332433847158
2025-04-06 13:45:00,75.95298954541352,1.4044566561269565,0.0019293177729835366,154.36313709541102,10.63965298009651,296,4,6,85.65940434173804,103.92445300736675
2025-04-06 13:50:00,53.380628179610746,5.43905333331912,0.022550023070192726,149.29362575634588,11.592597974091627,107,2,4,137.63279319392052,388.7418302725491
2025-04-06 13:55:00,90.01782539111808,1.5979938636481807,0.032263627083217415,128.51512686084288,12.31987128081257,342,0,7,108.06963399084268,180.81753946557427
2025-04-06 14:00:00,61.685604095521654,1.681522342837107,0.012863742795576161,146.36604165876844,13.79221312741156,359,1,8,55.15523088520221,454.5651478063827
2025-04-06 14:05:00,77.00059573022553,0.06615648090032071,0.013764353842499901,81.14304791710126,10.27500380835471,116,4,4,110.40519293479458,638.0058786558255
2025-04-06 14:10:00,94.0039543780729,5.41812113519571,0.023478221241097816,144.11815764693273,12.029576375379843,356,3,7,187.92879192787174,430.77875313530524
2025-04-06 14:15:00,82.5438684523597,4.9378418736178755,0.01079578886610658,161.01079219798277,11.315679112842897,444,0,0,93.96678187001909,734.5734677518018
2025-04-06 14:20:00,76.64788932756676,3.9211967764896736,0.001047574033315032,131.03870292151413,12.033246777106779,330,1,0,98.42485841547034,767.3065912354223
2025-04-06 14:25:00,66.21668765576878,4.677451641243979,0.028946020280511645,115.61143947014159,10.095901789506126,438,2,6,59.89113320889303,726.9457486247306
2025-04-06 14:30:00,66.6500956529099,0.9974749468523266,0.0246318996374963,106.96208735850574,11.252101418806326,330,1,5,142.25711728539414,943.0422036683483
2025-04-06 14:35:00,83.4743477599095,2.8815481038955157,0.022864421758421204,146.4226214175049,13.27947259010802,12,4,4,177.38635464475084,313.56484929563595
2025-04-06 14:40:00,99.70696806105838,2.2226887651693636,0.029200178326820973,151.82252945203015,12.21576693541855,141,3,4,102.93843396396525,270.51080780347894
2025-04-06 14:45:00,83.09195949246893,0.6390102375788012,0.02658390559790117,171.06450078515462,11.80232997126447,187,4,8,86.03683362799826,648.7403403176804
2025-04-06 14:50:00,77.88917086850125,3.0526042187119775,0.00810559446277932,113.972080905787,11.142100286861359,455,1,0,193.4917781245788,635.3893084907651
2025-04-06 14:55:00,86.5325255119623,5.726134181003232,0.013877214066264429,160.13540919764324,11.192170091165423,280,0,7,161.76089218872326,559.0885003073263
2025-04-06 15:00:00,73.26028061418592,0.30856369115012594,0.004964968888901634,137.62642901244848,11.532405734362339,465,3,1,135.07453389248968,103.91787234483805
2025-04-06 15:05:00,53.00711713003926,1.855080156857667,0.005112483603963318,172.34634099323256,13.342282839858242,114,3,6,95.82967495173261,599.7144069153986
2025-04-06 15:10:00,78.1148407938955,1.3388402988036345,0.026621894153631583,134.00370769592703,13.868852827233074,427,1,5,83.11970269646014,939.5182511856812
2025-04-06 15:15:00,97.881264225269,1.5271136009155832,0.03380317207191165,132.90402146698045,11.754621525401499,235,4,9,157.36160585007008,401.11992020157663
2025-04-06 15:20:00,58.76514711788298,5.650438470764809,0.037902878099871425,139.41072479561817,11.573411354991048,337,1,1,128.26832257060164,970.8392739882254
2025-04-06 15:25:00,84.50024454103328,2.9414980093562897,0.02473808885263338,157.92605835538293,13.38620310327945,9,3,2,128.08997252044716,421.08101127792486
2025-04-06 15:30:00,60.04668443295282,2.9306119319264985,0.007248087510853212,181.1865717134738,11.707621282545215,198,1,3,61.05647280083657,225.86905226603605
2025-04-06 15:35:00,76.79138422365406,4.740873610528005,0.004159464665358947,84.94484225530269,12.208072689182604,251,3,6,126.82917151394089,458.56307343442467
2025-04-06 15:40:00,54.83382248233598,1.0125071554179732,0.0320020240344993,82.77093705822985,10.923766658394978,49,4,7,173.41160465592407,545.1501816311898
2025-04-06 15:45:00,72.51854681290925,3.059585447390776,0.022785700349940808,178.25543643999256,12.9740101431163,427,0,1,192.01989166936386,666.517969158932
2025-04-06 15:50:00,87.8081664447623,2.707222490587808,0.02434194310581225,134.22656755596626,12.127953273083127,141,0,7,66.00235962226027,554.3903458201007
2025-04-06 15:55:00,67.37857621194911,3.7340767276870963,0.030766240580481777,143.4095255732291,13.236138200961367,270,1,8,144.67478160486064,583.0467646655964
2025-04-06 16:00:00,83.24558622436089,6.21098917930164,0.027688094783549392,129.10174897223072,13.12293092011468,15,3,6,135.25208761973704,121.66033452184485
2025-04-06 16:05:00,89.77249803948646,4.795458064770091,0.032852704860769806,87.11500488160723,10.860019073080114,1,0,0,183.54687364222127,328.25815222059043
2025-04-06 16:10:00,96.35889097397263,2.5096369765214535,0.0022131470793459616,159.953652869216,12.86254220223105,157,3,5,162.6866045277307,379.6269921452548
2025-04-06 16:15:00,61.73210409277267,5.15289002968131,0.029429962220773567,157.7002616695674,13.200217631805486,29,4,7,194.789280374797,988.3796840933041
2025-04-06 16:20:00,69.9657957904654,1.1122620415564075,0.033498158141046626,110.6639587212237,11.38442896312958,81,1,4,194.00488063729944,366.0109646383303
2025-04-06 16:25:00,57.62080066652087,0.24953668713230012,0.011265165235088082,110.07383848466723,10.690436451609099,30,3,1,83.85276400178313,906.9209639418567
2025-04-06 16:30:00,99.62417510791876,1.3198161675003284,0.02521447322184176,167.486869137796,10.010528622318352,235,1,4,158.80263078506331,374.2625804869709
2025-04-06 16:35:00,96.35004839621476,2.1562036034393093,0.012368591869467975,84.81458383606328,11.803614612372593,495,3,7,129.57846370473416,186.49929793815198
2025-04-06 16:40:00,76.99785651402797,3.203011850849701,0.03771541668452086,172.15935602250912,11.409730926155365,332,3,1,82.19029928229581,322.85565915484995
2025-04-06 16:45:00,92.10166471882107,3.8461488509535364,0.0013158893891430264,104.71946250875877,12.219639335301636,147,4,0,79.23036233261011,345.54554642286814
2025-04-06 16:50:00,76.04789886360211,5.663794552601301,0.022826502240987822,141.04235275759333,10.752164370355143,176,1,3,62.16265118994298,980.4237345000857
2025-04-06 16:55:00,81.17928440013799,3.1985412081069367,0.006555261297694114,178.08737133219196,13.438662190665902,369,2,3,169.33179146280335,706.8623550105134
2025-04-06 17:00:00,54.456221605800835,3.1457707709096674,0.028040180699845253,150.2372301659578,11.031020862512438,34,3,8,98.67571709300142,938.5128960588694
2025-04-06 17:05:00,87.7635210248404,0.37121063764149076,0.0069248180472210675,121.75841974643996,10.905718420350599,22,3,2,178.54532529934497,851.4955199843396
2025-04-06 17:10:00,56.38567418176174,0.2768980612169494,0.009267062559264527,151.46969456178482,11.922856225937423,105,0,3,141.2473049034822,620.7386416102878
2025-04-06 17:15:00,91.30338151262642,3.4526377852897863,0.0194634282679526,114.14980072216797,11.995404094977097,96,1,2,151.0450032257691,707.849131821007
2025-04-06 17:20:00,89.1014043835193,2.7576247826180973,0.03601714346487209,106.9439089657121,10.860340915140371,229,2,1,93.7510624415295,662.3534743264283
2025-04-06 17:25:00,85.43723488714882,5.2244164759721015,0.008335216002902827,184.64179401694543,11.087442906903663,226,4,3,118.59414190935253,699.636723572608
2025-04-06 17:30:00,51.80801902623811,1.0505692788966412,0.005678744055421847,158.0853449674171,10.67882095662098,370,2,7,111.84763671246873,338.2962981645486
2025-04-06 17:35:00,65.15641779726643,0.21575209994719893,0.029880993767776372,146.6297575572363,12.873840713292667,99,4,0,85.35329958869018,467.3126207871434
2025-04-06 17:40:00,63.155628495542146,2.8244318158483512,0.019709441049940095,115.37128146768643,13.080356125016328,444,2,7,174.87682527901887,633.3542304383317
2025-04-06 17:45:00,68.00682037357595,1.5230037540482995,0.03589707105298157,82.3093695487452,11.84931398983713,467,2,7,143.31267587099316,132.33561855027142
2025-04-06 17:50:00,54.382137338191924,0.367343534481675,0.0057722297768387065,80.3541426117968,12.85634809074007,54,1,2,55.61479661796052,534.551411261524
2025-04-06 17:55:00,96.84789115155314,4.519556284758301,0.02543024574110636,136.85157558847027,12.943741567749782,194,0,9,172.98755290680327,873.7542400580679
2025-04-06 18:00:00,77.69011203561881,0.7486095743667048,0.009168475271911574,159.29953387221752,10.553102110711235,7,2,9,65.90566340428872,543.1309548267968
2025-04-06 18:05:00,65.27621553290118,3.8042588507893584,0.006171673752057905,135.03695256793634,13.864712099338147,423,3,5,110.55446502988389,597.0910317899494
2025-04-06 18:10:00,69.84907585371417,1.7910351266784061,0.026906684417683256,167.80478776942437,13.284127788385725,314,3,3,135.6885352445567,281.71460846367177
2025-04-06 18:15:00,72.36012702524178,1.1294107016209889,0.023373422854268817,80.61006557406793,10.817933844783294,127,3,0,51.1476868491827,814.9090095868942
2025-04-06 18:20:00,80.02971666803086,2.3982062771242023,0.029717632518470816,116.60922425400153,10.74466014298428,31,0,0,147.9362158164404,422.990459233776
2025-04-06 18:25:00,75.7839713848249,4.992289217832587,0.012183572580943844,102.60360224681122,10.50264458231833,92,2,4,148.95544093403856,960.9287981315899
2025-04-06 18:30:00,95.96959866072086,2.4741293219502354,0.017636688908932455,125.30548056096919,10.553514250167673,6,4,7,147.878947569897,994.3433274336213
2025-04-06 18:35:00,74.84817414529151,4.680551328229237,0.015963460444296206,84.81665046496522,12.992647196114785,257,4,0,74.52019071594157,924.4004883362587
2025-04-06 18:40:00,99.60790074116564,0.8340752027110122,0.03874370060530806,180.0462172896758,11.878617027806495,340,1,1,88.35984901603241,176.38907033452955
2025-04-06 18:45:00,92.57124788725478,4.815896823106228,0.011505870651725375,101.11158331549098,13.13173669095947,389,0,6,87.10637292991103,399.8648399464242
2025-04-06 18:50:00,60.42552571786679,1.519649720602635,0.011606984155436047,176.60923975222713,12.985019577400822,219,2,7,194.01004747694554,950.6238715922656
2025-04-06 18:55:00,96.52976073219581,4.22917032047057,0.013958598436403154,122.99646074396163,12.418450854020886,239,3,2,60.12922808388159,824.0799653599938
2025-04-06 19:00:00,55.818319894273806,3.5425835800797367,0.022228125439808087,183.43660639156354,12.745466426314717,105,0,7,114.31422615552559,920.0652303766866
2025-04-06 19:05:00,90.87248542455958,5.777838562577579,0.009933971673938075,136.83830541370276,10.073422897516567,35,0,0,180.6880858730291,615.297874276989
2025-04-06 19:10:00,69.03116467382901,2.444779805136705,0.03603505648172605,177.52994933098722,11.247110587220089,415,2,8,165.41989916715738,532.3578293687772
2025-04-06 19:15:00,93.89871602225347,0.4691570825573264,0.01046006725734128,77.57769077897606,12.551288717037641,44,1,1,173.366318697339,195.84668530400594
2025-04-06 19:20:00,93.40283450537251,0.17997346580342893,0.03526835493309802,157.80979106753722,10.037379813944977,297,1,1,195.84403761834994,855.5243880907891
2025-04-06 19:25:00,90.29627000588106,5.148617815812986,0.004073823603272402,174.52947053507165,10.131907774730374,308,1,3,108.08927184097834,770.6273935784307
2025-04-06 19:30:00,89.50152181535307,3.2900866283022854,0.02584893924974455,92.08982123372704,13.407551929881533,365,3,9,96.44829115706918,152.98894271387098
2025-04-06 19:35:00,65.23395695490204,4.831107400154069,0.035708110559465496,87.38159198707237,12.736099446768288,8,3,2,54.598923522529596,288.47313063575683
2025-04-06 19:40:00,54.04596415256261,1.5042232680970737,0.006643682264682136,122.8538415760832,11.061478932481375,458,2,3,72.50290426847931,601.5498069835094
2025-04-06 19:45:00,70.14900893825808,2.1849449171297053,0.03812312925180368,177.837321862357,12.751851360474836,86,1,5,134.3021981814536,715.9621618581748
2025-04-06 19:50:00,58.67622574932543,0.24732326448021263,0.017830063187894735,135.5777485005674,13.169826676557053,369,2,6,73.64908925800101,223.90323783490584
2025-04-06 19:55:00,84.74755444512309,5.976827227408112,0.03723289839083398,133.96529808194708,11.227177132440405,330,1,4,160.4457523971366,320.3423366160915
2025-04-06 20:00:00,67.30498632688928,4.1705752156404525,0.026646472799719313,92.24162077632676,10.14414950999675,176,0,1,55.58489073739062,273.7991905381126
2025-04-06 20:05:00,98.78051004299574,5.8028162280022695,0.011873505225608712,77.08526719806763,13.731116498750938,129,4,2,88.92320348568228,297.997437403488
2025-04-06 20:10:00,82.04860386726659,1.6953576049880401,0.007413489236238971,164.4951298005098,11.380719353182522,194,4,9,154.31796850827328,928.6418112118901
2025-04-06 20:15:00,91.12402818171805,3.823600080151911,0.011958079143386785,86.45805280251372,10.425927053138825,10,1,2,88.32542363585956,744.2376157348787
2025-04-06 20:20:00,56.62623363709242,4.23597911759985,0.0036621047044124405,145.45578042341498,11.967427485572589,305,2,4,159.3140696336696,763.396282362973
2025-04-06 20:25:00,93.10072411363113,2.0155672305077044,0.005664096221733527,175.77857708764068,13.073871182656536,418,3,4,199.37958131460528,814.5957797823543
2025-04-06 20:30:00,96.13785952566971,5.279342886361881,0.004120492002484997,99.53440662111055,10.886589258470236,121,1,3,169.56259331736555,420.915738379654
2025-04-06 20:35:00,74.35309594094679,5.8886698871015195,0.0166513296114595,148.84946631358636,11.077960200533454,398,1,7,101.27531881415038,790.4661529592265
2025-04-06 20:40:00,80.31264688754888,5.505387862445051,0.0313220002310988,85.49944628441102,10.970859947194333,234,3,5,185.08878509423917,980.5720548906434
2025-04-06 20:45:00,88.24049004514977,4.608561480473596,0.005566284667852734,142.2055555344622,13.966692211326713,330,1,5,57.67696035023142,728.5548213468478
2025-04-06 20:50:00,58.741931363020626,1.7689813045032068,0.00513072848603818,94.7046258629459,10.78961493492217,30,0,0,158.75102366709683,475.07780106328516
2025-04-06 20:55:00,75.12830382317212,1.794518712822263,0.025331862085392263,156.48298453563925,12.302080867864497,347,3,5,53.49834973440126,744.7238071398772
2025-04-06 21:00:00,69.93315138861566,5.988318340191163,0.007763113718380965,109.53297983774209,13.701058566627857,445,0,2,76.18332430354475,910.7152302365824
2025-04-06 21:05:00,57.31869960811245,0.12540292648816323,0.00384291696135481,127.04622895090179,10.587586275511118,411,4,5,198.13786123078617,215.88538930837623
2025-04-06 21:10:00,68.37672111457657,4.4669707104421015,0.006568845208811412,141.73849853898315,13.8834167914708,223,3,9,104.13273687414605,338.7652080262493
2025-04-06 21:15:00,53.40861546927468,4.4066618543039455,0.03636739742880826,95.49752835195387,13.7899089375825,152,3,5,173.0749067246358,927.3665937960147
2025-04-06 21:20:00,51.29059534747435,3.892657205220214,0.03234140536892391,157.09688441070304,13.53828794823305,211,2,1,106.41300692534031,951.6096104000744
2025-04-06 21:25:00,56.758314457741136,6.152863845638235,0.01393955722637629,109.68515678877597,10.858226085320009,91,2,0,176.00426761967236,535.7252144061506
2025-04-06 21:30:00,98.15575557945868,1.980686185111423,0.025819729191756187,148.53616087057736,12.536220224043934,408,3,2,194.81593401901614,437.0958670629678
2025-04-06 21:35:00,77.47647679475085,2.1534988040730365,0.021152596999878023,94.09456947553237,13.04356589184496,330,4,4,115.33043651287498,354.5036250427263
2025-04-06 21:40:00,98.291108057661,0.5477385919082113,0.02665844996573489,151.3167071942858,13.94411171278572,466,1,3,133.9023787772419,548.8763869818715
2025-04-06 21:45:00,71.62489391650661,2.786042116932955,0.02687683153957408,90.84431186352987,10.721695288325481,347,2,6,144.29592349453515,941.0780364319465
2025-04-06 21:50:00,65.59080665426298,1.6679961395712306,0.024753321046313427,122.93850159715824,13.064103598077185,128,4,3,190.22522032628532,234.82866468200993
2025-04-06 21:55:00,75.3070931420122,2.1745054313363674,0.010476437489450692,103.69825596379869,11.355204679708452,442,4,7,88.51161311518368,477.8475746924982
2025-04-06 22:00:00,71.9755844316455,5.1960663080410034,0.001535686686074226,157.8245269382437,10.702505862272009,196,2,6,141.687405925059,920.44707126174
2025-04-06 22:05:00,55.2832342130872,5.816838281785426,0.017935709763628783,105.29978048674245,11.68550776485542,457,1,9,98.70803423347138,414.2073431298267
2025-04-06 22:10:00,82.0413157345103,1.2046876323808486,0.03507773093766148,172.2254690907028,13.175343648594465,41,2,8,82.53997702736292,791.2732663391834
2025-04-06 22:15:00,60.80190912547998,2.3536529483522557,0.022421164017602184,173.3165828319142,11.859399214816209,365,4,0,62.73805085348212,450.3338076169918
2025-04-06 22:20:00,80.97939774489149,5.774675700020825,0.032771318550908285,98.21566204406086,12.150092400812195,417,0,4,143.10662956039232,824.4340104907375
2025-04-06 22:25:00,82.51005461990766,0.4423563517665373,0.039040349544817846,143.2953620608342,13.980637640800484,227,2,3,182.31282183073526,982.9021149614878
2025-04-06 22:30:00,57.601242656432404,0.6302996217596443,0.00644158631854435,86.47350530575615,11.596437198229705,193,4,5,102.70893332667688,449.0398095177505
2025-04-06 22:35:00,53.06748135553341,1.0635577375652332,0.027235354830783758,119.28600675697595,12.461603018836959,17,2,0,132.9002804289466,860.5887891167805
2025-04-06 22:40:00,89.038079303422,3.723632240147078,0.026547005425927337,154.0387467861374,11.460976806461488,332,4,5,146.32006929411736,989.5751423562707
2025-04-06 22:45:00,72.99002118846602,0.9877782445219498,0.038580943958040154,148.21771065979095,11.57114258531482,242,1,0,112.19752666928059,985.4471287101288
2025-04-06 22:50:00,52.90818977527379,6.017329533262395,0.03880319945579514,144.46767229591367,12.782563013781633,388,4,0,185.5021775549087,490.3939733799772
2025-04-06 22:55:00,99.74331585848836,2.8101340799198247,0.027034605611440148,107.5144132755439,13.751547904379533,275,3,7,104.41327418017649,537.185008494235
2025-04-06 23:00:00,52.88902804981833,3.147261393753358,0.009591138721818186,117.8266945389154,12.169435801969286,449,0,1,68.75162301347655,373.06140547870183
2025-04-06 23:05:00,84.75176144292766,1.5794755565400505,0.0314392232027855,88.1181836276309,13.073599715795119,126,4,9,71.60305370775492,382.61688735012854
2025-04-06 23:10:00,99.18394626317068,2.9592834258546654,0.004213747716801991,154.6544646068289,10.356826235267855,74,2,5,183.62864217615692,543.2235603690117
2025-04-06 23:15:00,61.95900521079628,4.133947064670395,0.030736209675167436,131.41999005345755,10.844632149727708,61,2,5,198.20120642719397,280.46673105787784
2025-04-06 23:20:00,57.11246843435981,4.6830580187860775,0.03583451242718911,153.5466882933307,12.00852656367813,477,4,5,93.34067758575753,740.0109665394348
2025-04-06 23:25:00,56.069246971121444,4.6996115677732595,0.015072189035372772,103.88590067806226,10.0800468945151,479,3,7,71.54040884820671,582.6776812788271
2025-04-06 23:30:00,65.16375737837978,3.6170764079998,0.024828174627013377,112.03932869258715,11.011419915050235,287,4,3,122.33184226343141,908.261071455954
2025-04-06 23:35:00,55.052290550532334,5.625372183702309,0.01693476237692526,113.09525642409237,12.069605159299865,185,1,2,156.42920953648968,829.5241904294869
2025-04-06 23:40:00,84.60806708470659,5.0904810617356,0.017234853991388115,79.78018025269935,10.059844793025203,177,3,5,141.86043621544582,390.22400156152116
2025-04-06 23:45:00,53.114589906503134,4.719173766376156,0.012219332941275597,113.83317026570735,11.058185144904167,165,4,3,192.6662273123919,555.2241607159007
2025-04-06 23:50:00,75.47110640748949,0.404198520259884,0.030005119370091322,163.75689393994762,12.056123277903477,182,0,1,172.66668259574422,775.4634348748967
2025-04-06 23:55:00,99.83484269264883,0.10444738599761857,0.036857364948891726,173.90823754097173,12.292596991924983,27,3,5,180.3458247596003,273.88011473055246
2025-04-07 00:00:00,90.69851347530094,1.3690220130744595,0.03703745540314666,132.96757808868017,13.703006772221222,329,4,9,131.25007382736055,128.43795683582502
2025-04-07 00:05:00,80.76097191155054,4.143850858828598,0.006881156663654632,126.19418308367578,12.581382493002431,469,0,4,99.0912789997175,867.0740736774554
2025-04-07 00:10:00,65.31268103933058,2.59164842915792,0.03443874496134397,80.329058819532,11.658943210119975,246,4,8,155.26040156908687,223.7952317436534
2025-04-07 00:15:00,81.19479181458192,2.5375685394960192,0.02903274959212994,171.95406845922133,13.72140470853227,336,1,5,115.85795599270926,900.4702878583358
2025-04-07 00:20:00,76.35207319558258,5.50373782932862,0.009954233748916757,78.40510304999425,13.139531933551178,21,2,2,93.16313608434868,922.2472214930301
2025-04-07 00:25:00,71.30416919451858,5.571257246814635,0.00264900193918132,179.03300866270288,10.80003568445099,426,4,4,72.84060285084462,514.6303943234416
2025-04-07 00:30:00,56.535518837009974,5.654995015702382,0.010551079196964649,129.8353548583138,10.523369445395279,466,3,9,129.18113118343436,826.1035411173204
2025-04-07 00:35:00,94.33021076202334,1.9929809693939686,0.03591372950291234,113.92892530607048,12.703246542970932,464,4,7,139.13803507998782,426.87212171872454
2025-04-07 00:40:00,72.48923244106612,4.313217310034317,0.024928307748514043,176.81559096300728,12.239532662307935,471,4,8,135.31785239812626,872.4380936605721
2025-04-07 00:45:00,59.73112559103825,1.7331084166681998,0.028387994105015302,79.63422725589045,13.158694455171023,419,4,7,67.4822545150331,842.2136957500452
2025-04-07 00:50:00,68.38796754386448,1.234687383614309,0.010124113778400215,139.7938886458614,12.955220200314745,95,4,2,135.49809793081147,170.66655073108217
2025-04-07 00:55:00,70.70648762644635,1.1979171210784825,0.02832238362379623,136.28471264592847,12.50084613543006,121,3,8,75.26211602077115,624.3415666771305
2025-04-07 01:00:00,91.37689477834371,2.16663706938796,0.001107146514312486,100.68660333082927,13.94552868651557,249,3,2,149.55712481772036,675.9990132370733
2025-04-07 01:05:00,86.6807190280701,2.7070527419860553,0.01477643891521813,123.31984258582274,12.134358920441635,493,4,7,114.40759949983001,100.77156161939445
2025-04-07 01:10:00,88.46524468206698,5.173781501939823,0.024675342007446432,147.44451264192716,10.45242302600688,378,2,9,177.31828816087332,981.9264868563658
2025-04-07 01:15:00,50.55156322143236,0.7996559015581026,0.005751836395018331,155.53016926324818,13.313094259263954,307,4,8,166.73986171906682,465.91081741063977
2025-04-07 01:20:00,70.80769990898807,4.583087026343967,0.032401733026333264,77.07742074031061,11.007413449382836,419,3,6,158.65730772749504,565.6088852732919
2025-04-07 01:25:00,74.06720758176618,3.3314207476987563,0.009253205737355118,178.18017044982966,13.109208592575673,411,1,3,155.11056490014533,275.3236718137189
2025-04-07 01:30:00,50.95961384115284,1.833453866686849,0.02568037263977351,94.76874021842374,13.828428384000205,333,4,9,134.0732059217153,649.8267197655351
2025-04-07 01:35:00,62.99066043725171,3.093752700801383,0.015952652022904988,102.2266868960148,12.787182055857365,441,4,8,59.16703641925165,829.557879651423
2025-04-07 01:40:00,88.01449115610674,1.9072526080102417,0.023466295958314516,105.45513213493561,12.384120643799204,419,4,2,148.32344352995017,627.3031111477553
2025-04-07 01:45:00,56.855485286449955,3.728978702022976,0.0042303390020553755,81.08457474761981,11.841544702700162,325,4,2,120.03832663455728,809.2315412218875
2025-04-07 01:50:00,76.76550657262959,2.7309596186660103,0.0006658586241936725,90.2896293477551,11.457639463981613,136,0,1,120.43320709902994,757.9971646463501
2025-04-07 01:55:00,60.76009360086188,1.0734896972917924,0.03580964246240519,183.5257916779695,11.412019003887345,276,4,9,106.85332931994046,313.8920303744243
2025-04-07 02:00:00,50.60603873219466,0.7793063820355036,0.010615360408164862,111.04340763674689,12.545490822838362,319,3,2,189.36063722625659,492.23155699823866
2025-04-07 02:05:00,62.06007287997707,3.425175442381932,0.03227076556716695,89.45251775661733,13.005092467750984,331,3,0,87.41769004286485,233.76419599276772
2025-04-07 02:10:00,98.7936877455027,5.613396660169593,0.03934452126462057,88.55505620685932,12.714068277937658,60,0,3,97.48916801146694,137.7422875675918
2025-04-07 02:15:00,90.07685559414948,2.178017883374953,0.008324069770542931,154.70167650835697,10.793640404774251,249,4,7,194.4561174103434,156.76205973771783
2025-04-07 02:20:00,97.97883221605167,4.571240695287783,0.010439798597462828,169.2934157155252,11.975948720573964,477,2,4,171.5230602915047,948.2499368856015
2025-04-07 02:25:00,74.39270219631813,4.113940441324752,0.02609685612515555,104.75084834691475,13.166560288732253,94,4,1,52.1129618244305,986.0837132209407
2025-04-07 02:30:00,55.48680993387518,5.792665065728026,0.03800980928908992,79.25822733220538,11.902816312756226,295,3,2,185.91613997928107,185.47975724485596
2025-04-07 02:35:00,77.39797444868465,5.112461677431827,0.0360557024697044,101.09372199209842,12.146493118941976,183,1,0,83.99709482496056,401.67409165484383
2025-04-07 02:40:00,72.71886672799805,3.5476506556803296,0.019798259512534083,83.10369460604979,13.084544192683289,259,1,1,155.88988087490952,202.9786121404204
2025-04-07 02:45:00,92.2178541369808,4.103908107410432,0.0313035713341054,88.16665315604448,12.645061225060367,286,2,0,132.96096610508232,850.8059410320722
2025-04-07 02:50:00,54.90412903921223,5.588626941565105,0.005344327811128415,123.60287694354538,11.63737968352957,154,4,1,130.5217825404176,546.6673824762536
2025-04-07 02:55:00,74.4120568510889,2.5198060283059256,0.03848183905593038,101.83118405305632,13.581650844776876,185,0,2,157.68819850890787,659.1355803329944
2025-04-07 03:00:00,57.50243323469921,2.0724385564181746,0.03796668325932019,132.72215488074573,10.650268274653914,408,4,0,81.07722078416596,585.9197791615056
2025-04-07 03:05:00,66.23379634450299,0.12864226910990728,0.006446025444598749,104.37732535177656,13.982065794361299,68,2,8,73.85376961496398,739.2282254566444
2025-04-07 03:10:00,86.86785386938999,5.146726288462101,0.011788318365810787,178.57802851911836,10.475410313904948,325,2,9,147.7868910099428,387.2190189853545
2025-04-07 03:15:00,73.80090646843833,4.989428270024359,0.003943112267341164,174.84194853603657,10.059799884416956,260,2,4,93.58688433569934,223.74401907702907
2025-04-07 03:20:00,68.79441425728847,0.7046966828274509,0.010697549040381225,138.21505934113034,13.56007560459506,114,1,7,196.09253114866414,115.85800245674258
2025-04-07 03:25:00,69.72381392850177,3.61071733294089,0.032124261024855626,115.27779113463771,10.979814033463825,346,4,4,117.726775861201,501.1235997633443
2025-04-07 03:30:00,72.97233842029934,2.916354340539404,0.014894323285656982,118.16386325975144,12.918798509786884,7,4,7,66.73955300104478,917.0509859122935
2025-04-07 03:35:00,89.25082719185284,0.7923847549173618,0.0034801974362645917,121.48004657960567,13.244061499728277,264,0,6,152.8722749258067,374.73988421104
2025-04-07 03:40:00,94.60423444701172,6.0941740321877935,0.01347345313309795,155.57856679057394,13.435945564128467,270,2,3,95.92389386991968,276.3611390220608
2025-04-07 03:45:00,97.76673432519641,1.382854503061027,0.03863716000741262,125.77701151603449,13.966376942656666,483,2,6,72.28811414321032,933.4384716223964
2025-04-07 03:50:00,89.34516931276475,0.4757330601988155,0.024790706113714343,169.52683422263695,11.176158840159996,248,3,5,113.42350443348815,194.90377487616476
2025-04-07 03:55:00,65.77034478740063,3.7213841193799624,0.016384298076105072,178.96223688047937,12.840973367709037,104,3,2,194.6333417130917,146.62093007422908
2025-04-07 04:00:00,84.4067353043271,4.607329327764613,0.006556637930238869,113.28218456492485,10.461599433123313,262,1,8,111.7145864580695,891.4718574598941
2025-04-07 04:05:00,71.8801562027696,0.26171532348648746,0.03882587912673879,137.55500398857345,11.627237165427397,223,4,9,102.10006485965951,730.8184437592201
2025-04-07 04:10:00,62.73353110230256,4.114286675145141,0.032316907579590305,87.26610597791696,13.391886773250361,327,0,8,116.67634431039562,479.8617743236715
2025-04-07 04:15:00,92.04357897129613,3.3365693789931288,0.011081789545222941,98.65065715876676,11.470632184236432,494,0,4,51.817355839947254,777.1095757079569
2025-04-07 04:20:00,51.92131744811625,0.6973793301140073,0.002758611557412801,121.6543028046973,12.364381522142455,370,2,7,69.96523078979212,767.2959568398422
2025-04-07 04:25:00,95.08809960677118,1.1234303060261757,0.0022293538565101973,99.2698933173921,12.015093774898537,270,0,6,177.45119272019116,136.05450693452465
2025-04-07 04:30:00,73.0738732312367,3.5560723952661437,0.004739299783847817,171.6685330051815,12.58380612444818,164,2,8,196.70516181417705,708.622130855656
2025-04-07 04:35:00,81.86007384041402,1.8852025639970185,0.02286491721375814,94.09491565438259,13.891577557550779,82,4,6,73.6912228405522,676.7851397074414
2025-04-07 04:40:00,82.96769611028913,5.834254708015189,0.03656550876920235,126.21136872773393,10.222942106005608,294,0,3,130.32767275803627,967.4012227746732
2025-04-07 04:45:00,94.75588703532682,5.098677307833868,0.019556838434938408,142.41551796966658,12.295846070006519,133,2,3,194.95001507084655,969.9603491437872
2025-04-07 04:50:00,81.83348410836037,6.112622472918153,0.033186847938848726,151.72130208137122,13.452115117001139,210,4,7,73.48720642684458,440.01939358183955
2025-04-07 04:55:00,80.69667923800309,1.6595211958076312,0.01755460081254262,118.37149193046272,11.92553084699371,312,4,5,77.94644262536754,630.8577206993965
2025-04-07 05:00:00,53.3326020280345,6.027462720009587,0.027897005055233855,170.86269942227065,10.31410874376629,91,2,8,189.02245308925976,227.22163739954087
2025-04-07 05:05:00,75.9204010972602,2.714903686971876,0.028813902854243265,138.37846831641596,12.242157409667083,336,2,9,155.85314696785736,159.81087336142062
2025-04-07 05:10:00,57.50845004085208,2.19992430349274,0.006848968497785032,124.46684028833559,11.328295563295281,489,1,6,72.79500302632411,489.50188503301223
2025-04-07 05:15:00,86.87168843607428,0.3718658856324925,0.014221112363483607,84.26198847761995,10.619767141351744,402,4,6,109.02390066779147,720.8938097515094
2025-04-07 05:20:00,75.61109604063373,0.38672643031064347,0.025090649633117655,127.18646259207782,13.396138053133892,126,2,3,58.44049163220658,610.9850100679541
2025-04-07 05:25:00,84.01138896041766,4.319094788576405,0.002783332533879315,165.63947080809888,12.086398051964487,190,4,2,114.90073008765413,486.69122996740174
2025-04-07 05:30:00,52.083645030119214,2.8791206922846166,0.014233873346246376,143.37042996790208,13.733105649516267,158,0,7,166.68522417305556,836.3012920971319
2025-04-07 05:35:00,54.23960080229016,1.4556013959876424,0.021055108467437175,166.87354500274478,13.224066018412277,330,3,6,133.0958081879191,814.9847249653723
2025-04-07 05:40:00,85.81616940313411,3.8390201977949996,0.039221457913616725,130.353260424725,12.771887175094669,334,3,3,147.11631827243048,758.7478495699852
2025-04-07 05:45:00,53.60421679993367,1.6176122477723793,0.018682433813801753,89.79386415020403,10.020102013461248,9,2,3,99.02301983003139,169.32902333838496
2025-04-07 05:50:00,53.56283638826293,3.615480946204607,0.03212823613326663,78.47310335027515,11.711293826553,106,2,0,74.20938766171895,816.8226651060792
2025-04-07 05:55:00,50.605423761744376,2.2718358933816747,0.017010532219801245,109.74771104560786,10.78994512660813,86,4,6,51.96750136602266,927.47918439523
2025-04-07 06:00:00,97.82506991497401,5.128278658959925,0.0313539823886102,152.38297092176157,13.643191644195472,66,2,0,173.19685164940182,153.49787946182482
2025-04-07 06:05:00,86.87541797295034,5.110709361706962,0.02344154028126383,162.34806962570292,10.69833593870544,61,4,9,145.49818390186817,461.50424992768154
2025-04-07 06:10:00,67.66257042510321,2.9985928728939744,0.03490535119149357,108.94130613899559,11.144240206637143,386,2,9,84.39818619315326,989.5199407449289
2025-04-07 06:15:00,64.82677906438276,2.2202264257874194,0.01617884938027906,130.5306234553907,12.067347070937997,145,4,3,112.76509401159421,639.3149726214552
2025-04-07 06:20:00,67.48516148729247,2.292450119142439,0.023791525438813604,122.48084167888081,11.053454475992318,152,2,2,170.21649030921714,562.2196619147165
2025-04-07 06:25:00,88.73267655905909,5.018548741236963,0.024803898457831295,121.3364607099542,10.839458709116485,106,1,2,130.80502791370787,259.70153272186917
2025-04-07 06:30:00,83.06853055352072,2.080957112713806,0.016432408156978814,101.98566102561625,12.39639730041101,147,4,0,95.02398146689674,608.937655000753
2025-04-07 06:35:00,59.259778393373395,1.3481810777860066,0.005681579591180516,91.7280793431815,10.355718091020096,185,1,3,90.07767757560282,495.13893442250765
2025-04-07 06:40:00,58.70546676670422,0.5831036088260727,0.0036834432060793417,98.242364288971,10.2326710348837,348,1,0,82.64210366732384,214.69875001311073
2025-04-07 06:45:00,54.91978248566986,2.9330338550489508,0.0006563606142626151,82.97589781364138,11.488981180744286,341,1,7,173.55948202012547,517.8993873562308
2025-04-07 06:50:00,83.0151359850669,3.0280078539354185,0.03439113133676052,98.39812011694632,12.882657818031449,177,1,0,137.27905260269938,247.95937465773443
2025-04-07 06:55:00,88.2186331110868,5.2350483342884715,0.009310040942328627,77.99369694354098,12.219227033095791,376,0,5,156.37357485521966,757.597259553451
2025-04-07 07:00:00,63.2523214162502,1.4231030694889337,0.008327041869898136,144.74390726868563,11.691505873867115,334,3,6,179.01806620961202,976.2835295292606
2025-04-07 07:05:00,51.047248051545644,2.405832694235013,0.02897778731831424,111.16854399786975,12.26300625689833,486,0,9,198.02925537953243,522.6193435831265
2025-04-07 07:10:00,54.10858337382137,5.035103935582905,0.012599066373861921,182.09962883410614,11.461805938613095,265,2,1,87.42253797961729,669.1314987231516
2025-04-07 07:15:00,98.39300174225153,5.128717783683534,0.019923030144723245,97.92144148384017,13.744585341728452,148,2,3,77.13537311868694,487.8779722901581
2025-04-07 07:20:00,64.77223887387102,2.4281001720308315,0.006398076891867384,114.34948559343613,10.219619563643096,246,3,2,119.29975141909227,224.6084682913048
2025-04-07 07:25:00,88.46115739190668,2.886471999389315,0.037785285028529875,115.6468451332856,12.69356591611934,253,3,8,55.26069192177987,973.4997578279489
2025-04-07 07:30:00,81.23317844271318,1.927822367100807,0.03352684487681864,77.91276157474574,13.565130659311002,499,3,6,168.75768223452923,216.62079767567172
2025-04-07 07:35:00,69.09698198264479,5.798816417847035,0.03400748383509447,167.63445892826158,13.215538834941015,28,1,1,182.56399982515734,200.46412766218663
2025-04-07 07:40:00,60.28436310977776,0.7919828740898539,0.016014723158654702,80.45540169558707,10.736164139285787,351,0,5,152.90595481220424,513.2556475041704
2025-04-07 07:45:00,56.06932090797032,5.80616474592648,0.03001423721977276,178.53942215075807,11.183705395921153,265,2,8,90.1992536845414,692.998539190239
2025-04-07 07:50:00,80.75064840194332,4.268991432329453,0.005664418625311184,173.34402991811103,12.86819175482842,12,0,2,68.47332109831859,419.4309438756021
2025-04-07 07:55:00,88.7316890318894,3.3321419488623576,0.0003393309939386487,134.83636693728405,10.337082236723063,46,0,5,107.32162818798325,273.2653199772127
2025-04-07 08:00:00,82.19521267705653,0.26304169326135757,0.000786336352890225,135.70832209041956,13.247446799330337,150,0,2,175.000343075788,837.0670312247287
2025-04-07 08:05:00,76.51510666245792,2.9878017449554677,0.023094569061791283,147.6080156792649,12.875627778419162,49,3,2,102.1741705679172,426.7929885485961
2025-04-07 08:10:00,52.097561171581816,2.570429292761162,0.017928942959101954,118.8014012889678,12.91842659694137,214,3,3,55.138186043995994,274.88887604551644
2025-04-07 08:15:00,98.42443887971919,1.0538863747163596,0.020394316088063313,146.9000066069684,10.400965481070365,478,2,8,91.1420564337698,428.5763897561831
2025-04-07 08:20:00,89.93570958272872,4.100088628194387,0.0002938245845399697,81.83498597835658,12.871042179264924,131,2,7,198.49184151135847,293.0987868785119
2025-04-07 08:25:00,64.64110183504823,6.036242703577157,0.016641214484574816,82.83714375377048,12.71927250087988,371,2,0,151.5003133498825,567.5029640311066
2025-04-07 08:30:00,98.99851646794252,3.520482554827753,0.02827041531329401,126.3808853189108,13.323689963287402,112,0,0,185.12822449656917,701.4604475239292
2025-04-07 08:35:00,80.09407948181611,4.458993985558785,0.017428895315828145,136.35920851945178,10.166383825025878,251,3,6,166.22979012516612,819.6016394792674
2025-04-07 08:40:00,79.12113291036232,0.4832150489978443,0.02882754337443282,172.88430515626845,10.092442673871169,450,1,2,130.95582729899462,304.8058272878793
2025-04-07 08:45:00,87.4036589714766,2.631446072692238,0.009173979930199824,88.30334846205281,11.492028399514243,340,0,6,72.30333085924704,250.25860513400096
2025-04-07 08:50:00,90.58848940450687,0.7779248040229649,0.03201348203064598,165.84597613694007,10.595153135396611,52,4,8,102.29667175335766,117.64307880569814
2025-04-07 08:55:00,82.82393036657513,3.8317953551192545,0.02316659677977646,99.68511242754352,12.233537910280887,129,0,2,137.56103379113333,305.27899151251836
2025-04-07 09:00:00,56.40478731831,5.835278511603706,0.008297764300865351,119.56103403908344,13.669395606026995,323,3,2,180.5948523097988,121.51481724801661
2025-04-07 09:05:00,66.91337529972492,4.1331110648959815,0.009319708806412988,111.1930629613606,11.565918921336063,192,4,1,90.30125687973495,410.9267833201534
2025-04-07 09:10:00,96.40418201630249,0.5345966506483861,0.024725622193149128,120.21676946946309,13.379801509090417,78,0,9,68.18403040103443,231.12377994703297
2025-04-07 09:15:00,61.230780592192595,2.2438921151320805,0.03267480477873322,93.25351379183924,10.000963498071465,56,3,0,133.82484763322262,621.9060384050058
2025-04-07 09:20:00,68.60835119187567,3.4495830219907595,0.01636330734126604,131.38556803558393,10.674058573836737,96,3,8,76.47518337770835,445.3540835421458
2025-04-07 09:25:00,71.6038441472098,2.542499005699123,0.010169313724796217,163.57739970178767,10.121694158616343,197,1,5,141.55426539828602,184.2268069636836
2025-04-07 09:30:00,71.97024948472261,5.190359003086386,0.034134333665231026,124.68567312092088,11.312588722060275,134,0,5,89.5282163725598,459.8798167329347
2025-04-07 09:35:00,80.64697912472627,5.073645174989743,0.026349159573059545,129.9862661970055,13.632758382786012,146,3,7,84.6444506450937,288.4133043710665
2025-04-07 09:40:00,97.15379188723537,3.825860222646332,0.01764117044288345,168.66689921038193,10.387808494395951,171,2,4,109.87711474833367,712.1596162060949
2025-04-07 09:45:00,62.034635591625246,2.3594908745680367,0.019208679478165642,153.25427638090733,12.4256391069752,62,3,8,138.97876363369187,427.9926202936659
2025-04-07 09:50:00,56.0750688150459,1.6328574172262438,0.00804159756830272,129.96907612013675,11.805983756477776,64,1,4,131.79765094239696,232.32700829363148
2025-04-07 09:55:00,59.873524492996864,0.7134306867258629,0.024677282225915913,104.8311300044314,13.75387284946325,294,3,1,86.71017158524708,414.64155916385795
2025-04-07 10:00:00,94.34624501046348,2.2453160720086633,0.01412372851432458,172.5720886592564,10.490076570148375,210,0,5,183.66750116800642,301.94050053716694
2025-04-07 10:05:00,82.2905406327603,2.6037979598797913,0.0391986501701868,139.3182033825803,10.848111402008916,108,0,8,66.48229546028016,816.2011014745475
2025-04-07 10:10:00,64.29533946195801,4.219511091268949,0.01890487301421205,100.88394189195489,10.118167874445973,281,4,2,55.9201344611503,985.0308043284507
2025-04-07 10:15:00,90.79734694843086,4.110855239017714,0.019129364904245688,106.06493328490512,11.735740998525495,171,0,9,140.40594041092965,122.9422501267907
2025-04-07 10:20:00,93.0684998181718,0.493412431886572,0.02227764145553689,163.73837360511456,11.111331598258618,11,4,3,68.51107520982147,721.0181235837537
2025-04-07 10:25:00,92.3257169345139,2.493603593278862,0.03609277551838537,81.76772070544519,13.479623735561283,405,2,9,125.73362214184417,337.5620502611379
2025-04-07 10:30:00,95.94632668197772,1.180363053367022,0.03152828867328835,184.1459561991126,12.41976325279102,332,1,7,192.7659926614449,159.76777948236503
2025-04-07 10:35:00,62.612051008668075,1.026781888402548,0.017761035960947996,91.07798140919752,12.456362951902808,219,2,5,154.7870407179185,112.91617862676416
2025-04-07 10:40:00,87.75209643731392,5.151346584435385,0.028295261971275572,162.97540074286923,12.12764278752521,397,4,6,142.61848705966406,892.9087022911845
2025-04-07 10:45:00,73.026974863707,0.3199816112493568,0.02308015021054846,119.63573421134174,10.367401348916804,341,3,6,136.2207837308421,418.2458518700196
2025-04-07 10:50:00,92.09992764450308,2.6407711195435524,0.019384539944073038,130.15934779504641,11.78007473490142,285,3,3,76.93088782993891,995.0895028815437
2025-04-07 10:55:00,86.42453385808065,1.0968541504942422,0.007571491206097158,172.1102623661744,13.998020758834066,171,2,5,114.89717369421565,498.13945086719104
2025-04-07 11:00:00,88.82237232498623,5.471401024918856,0.0182652170858454,121.59440847563503,13.34091716338406,467,3,8,101.37852610501437,268.8379765942369
2025-04-07 11:05:00,82.80809188405357,3.488812425664796,0.009677902352937466,135.04932539670932,13.573836216668465,235,4,2,192.9611483333094,799.4292116702912
2025-04-07 11:10:00,58.87143847348534,1.4854919523205725,0.03601742692387463,82.32436354019035,13.292905436985997,474,1,7,86.34803470560875,933.8429947305688
2025-04-07 11:15:00,77.25134594484692,3.152855183953199,0.013204999788032528,77.25352717768494,10.41216677372393,165,0,6,120.7274557094077,834.0589276979418
2025-04-07 11:20:00,99.23348697622541,4.56192876706934,0.03749072947858032,103.4383862841864,10.909793016259199,186,4,3,190.7119044914375,770.679310624775
2025-04-07 11:25:00,96.86940332485594,5.956069878670747,0.02098644007655779,150.50297403522686,10.01248660542564,169,4,9,168.37709786589727,401.22972506725165
2025-04-07 11:30:00,52.158686789850584,1.4182267656294043,0.024863965342918296,90.09660848278676,11.214040499512446,51,0,2,194.67728589266346,158.04132750553845
2025-04-07 11:35:00,58.24074078647186,5.513548873904855,0.021375619593589284,89.28629155089133,10.43442960938597,318,0,6,141.24953827204865,281.16941370408085
2025-04-07 11:40:00,56.58643867272809,5.809576969071239,0.005093727828040711,121.38374566787755,11.891173381206332,188,1,9,100.06802821189011,502.12922882266093
2025-04-07 11:45:00,86.29899549926478,5.699564886746702,0.014796118974464536,146.96640016968846,12.708509954295607,119,1,8,173.99746631960886,960.5798830129636
2025-04-07 11:50:00,90.88926649284726,3.9709348379426532,0.0039033923549812817,153.9037751627765,13.498021180152309,104,1,9,93.7184407060056,750.5687617078187
2025-04-07 11:55:00,60.675568315533596,3.9365247696808123,0.024525763014904157,96.27267280262447,12.996868660363592,161,3,2,74.71592028678289,845.4547406514226
2025-04-07 12:00:00,75.29263464759146,2.5425167040854446,0.0175934817524608,85.59551991618058,13.754342383114022,294,4,9,155.9433221058511,349.56450721582837
2025-04-07 12:05:00,92.03515140056,4.690567522797371,0.03062934612924494,178.56287966611876,10.215593161575155,40,0,8,145.84334953015392,715.4407247081529
2025-04-07 12:10:00,86.64007723831253,3.330430985219696,0.00867994488399329,105.15196931670698,10.048719341666166,376,4,7,181.8423353893093,876.1943290401967
2025-04-07 12:15:00,77.11186027459242,4.229446780396246,0.0064789821769687585,169.16142174174217,12.64535245534485,363,4,2,194.2887136724076,531.470363406926
2025-04-07 12:20:00,79.51738452293864,2.6978271301070555,0.015997340566266633,170.25707664998438,11.157409640888986,164,1,7,178.5796380836831,486.90267420768276
2025-04-07 12:25:00,75.418027345814,4.561990924653599,0.036479759195845986,160.4324399103548,11.014004064423093,320,1,3,59.00326963824061,747.4640620886008
2025-04-07 12:30:00,64.87742256594103,5.133933744518017,0.02796937789922015,95.23402951847757,11.323548350775177,373,4,5,149.67701494734024,603.9205176202717
2025-04-07 12:35:00,78.2510996429508,0.9629504076953298,0.016493065000459686,165.75455759945368,11.079184231569457,334,1,9,167.70986192960686,993.8539748746396
2025-04-07 12:40:00,84.44426510250453,5.185964965931128,0.020365057050444182,160.07906039809137,12.045745625206349,159,3,1,197.28930865252647,482.59252065570547
2025-04-07 12:45:00,93.66614579304039,3.3858106029252424,0.003315474671343479,141.44608293147144,11.76059378889653,263,0,7,106.19919492689506,258.34894959248794
2025-04-07 12:50:00,81.8145676989624,5.258161015913287,0.03876285149791721,113.41781979824691,12.049714205506625,352,4,8,75.48223809067218,524.7415475076816
2025-04-07 12:55:00,88.0560768521579,2.7153209884511433,0.026236522226569428,105.35092926078677,12.690854446001744,17,0,6,177.93995926958317,311.6844937879582
2025-04-07 13:00:00,58.003581747728646,2.3938322778851244,0.01123638671581179,90.16403490467877,11.548522035884593,172,3,7,97.6200115448833,605.128438715051
2025-04-07 13:05:00,73.07787372098949,5.691199904007094,0.02306333506109359,132.05376322529412,11.005230748568627,476,1,6,139.73028436907884,213.21729319415124
2025-04-07 13:10:00,50.46658099135467,1.607223159563595,0.004310331700372899,140.2081745550634,10.664802147234981,351,2,9,108.48421463194998,954.9786461942674
2025-04-07 13:15:00,62.33394322608115,5.255370762076222,0.03802508623462145,115.80861097570502,11.397896478130502,32,3,3,110.34893851379917,873.8405933861449
2025-04-07 13:20:00,86.32308575565024,3.039624936891335,0.006881302451466905,128.3387793095338,12.967225900984689,260,2,0,159.86967187661776,240.00885739798338
2025-04-07 13:25:00,99.59049756746816,3.224632692411836,0.025513018424865586,116.25956139588081,13.02681964044588,209,0,2,104.2212688009908,255.15363047230872
2025-04-07 13:30:00,54.958904979360796,1.9597022209202817,0.009663566735603944,146.22865419063572,12.667621546736841,495,4,6,153.96126694557304,561.1948070392148
2025-04-07 13:35:00,70.07471579306441,3.5872479718843,0.028250463391011116,174.33599444202883,10.936112701227499,382,1,6,52.14926831784531,795.5932483375526
2025-04-07 13:40:00,90.00354843495798,2.0626974817893227,0.030583534910386588,94.70338830107005,12.35234498341879,329,3,2,98.69710850058141,297.1714021007765
2025-04-07 13:45:00,60.20178173144494,0.30370576444782243,0.026512602069215994,118.19215146953732,12.282758646307393,381,1,0,97.8566047030494,154.87454760357866
2025-04-07 13:50:00,77.7542474651143,1.735356349474136,0.024192905200192953,92.21380922669303,11.937064792438902,163,2,9,162.32529288450755,590.9808489243536
2025-04-07 13:55:00,86.65356480148374,0.10137825054790692,0.03513659747580009,144.49392720404586,12.199915945535457,480,2,8,97.18356740384418,722.437402691809
2025-04-07 14:00:00,80.79927251300896,6.08055789464423,0.003095541474337873,155.71801502476836,11.967162530494672,406,4,5,144.99906985476247,319.9289421634453
2025-04-07 14:05:00,59.401236730770805,6.003001464177773,0.013028147420242862,177.64657512052523,12.261825464296432,423,2,6,153.27866031617972,765.7910089755743
2025-04-07 14:10:00,67.76922843428697,2.4929637192220704,0.009775102901814369,107.1181680361842,12.862023818484515,4,4,0,148.76383162956728,955.5794064501478
2025-04-07 14:15:00,89.18958922426987,4.5427635087056135,0.03889820848791185,179.62281023346645,10.43851277761376,33,3,0,140.49405215729968,223.36699841692558
2025-04-07 14:20:00,77.71132570660083,2.1893885236363038,0.015330314564462775,83.83236855663287,12.998503008596096,279,4,3,112.0425274024092,559.9261587778258
2025-04-07 14:25:00,50.261480677145634,4.190415578505533,0.02884303523036442,142.12549724337552,10.543544600510376,144,2,6,105.99574665257157,151.15775561342434
2025-04-07 14:30:00,88.0495380014047,5.016798725647479,0.026957698174511536,83.17033368907964,10.2665119936415,350,0,7,134.68760875638344,285.99490650764403
2025-04-07 14:35:00,51.76556774701196,5.886177157754557,0.008349659527608109,173.52761227829006,13.90431874488587,70,4,9,59.555465372648946,180.83741811496594
2025-04-07 14:40:00,87.2866891365616,2.5240720903641667,0.009409362569696796,134.21937816356584,13.827967075481766,464,1,8,181.37297630772892,463.60596077218224
2025-04-07 14:45:00,60.124028008261874,4.880651744577085,0.011074201395539307,149.28962188238197,10.241746179762256,347,0,0,173.7972714545515,838.7486113372819
2025-04-07 14:50:00,97.90367400596901,1.6980153502475301,0.016186122057799585,166.80998399832887,11.773013765899849,229,4,3,101.95770755557845,619.4174054696032
2025-04-07 14:55:00,68.39703756510423,6.154238462011574,0.009225401267167805,93.23354722826863,10.744979753199098,124,1,3,135.0228685078447,300.3263534488877
2025-04-07 15:00:00,66.34658081690395,0.22066066540265603,0.0007736808408916727,81.16788868931846,11.941379588537671,277,0,2,189.8341547276695,136.0995823861508
2025-04-07 15:05:00,57.44440251662223,3.7747885504416394,0.034621792585804965,171.91916375858804,13.32070897199835,270,4,6,90.7455196118145,598.0583757580777
2025-04-07 15:10:00,65.28021077451075,4.119136224114201,0.03801615562244854,111.0127885655647,13.80244709897156,356,3,0,161.36829015422802,219.5170434915139
2025-04-07 15:15:00,93.83253809141003,4.294699502862614,0.013447660294471532,90.92972205613385,12.53701061380615,14,1,8,62.40977109815077,408.4606246273815
2025-04-07 15:20:00,99.81671688136237,0.8027100671755748,0.013327049693668809,127.59381360540536,11.415622668847268,241,3,7,128.50582212064566,559.1730330222454
2025-04-07 15:25:00,68.41547652534241,5.835571481856177,0.00027920537810826316,141.61705617517003,12.413302262578394,497,2,1,182.59536941709464,913.3592821175732
2025-04-07 15:30:00,72.43053154772713,1.1766992493376274,0.026781537624635657,80.3448251696311,11.2480052244338,152,4,1,132.75639262236103,173.64099437984527
2025-04-07 15:35:00,86.10354691013686,3.8930500587529786,0.03249765123961309,106.68873109176546,13.639294563328242,52,4,7,142.43792402556522,701.7468330401475
2025-04-07 15:40:00,94.30978902325373,1.4319452338118253,0.005771983446003361,80.54238642190477,13.481601852423347,148,1,0,186.14589399643162,112.67315695439068
2025-04-07 15:45:00,79.6522167093392,1.952001285383149,0.006286080141219661,122.3962220331139,12.232927001118643,357,4,6,157.30409600747043,666.9176971242663
2025-04-07 15:50:00,69.57628490889147,3.423716656268249,0.0311056565597005,173.6708031391544,11.299195661521441,449,2,8,154.3804520336398,596.3792403975342
2025-04-07 15:55:00,70.63109204243119,2.6285328277002056,0.02426342839177751,183.12646044130548,11.173558702331913,218,4,2,137.95760331393478,830.6799580810609
2025-04-07 16:00:00,84.78090732484034,1.0477765648532897,0.0017661646398589815,145.80113577839177,10.133671978820239,112,0,6,144.94829212886276,578.4962255780314
2025-04-07 16:05:00,50.16091318021393,1.113664840755585,0.024509737269199076,94.45687092873592,13.26328340410118,287,3,5,170.5558136024926,417.3549397535237
2025-04-07 16:10:00,80.97946687299203,2.634385247138519,0.012162121640131354,174.83173411992502,11.801532852156033,276,2,6,196.88496249458666,318.47578419540395
2025-04-07 16:15:00,67.77465052206787,4.720618546790859,0.014516746243402752,132.75476490560652,11.300531713601057,451,2,6,169.2988031012282,176.7247676038657
2025-04-07 16:20:00,89.7098665638542,5.586032086706926,0.030304402911490003,93.60492570711516,11.884441419991015,427,3,9,156.13052474404944,581.1514068667881
2025-04-07 16:25:00,54.64953199115661,0.5796545472951723,0.031926599629039945,176.54648030077945,13.274951961818608,82,3,0,70.33173254172723,899.4897339837116
2025-04-07 16:30:00,79.41011334741953,2.480344444626517,0.015762080434346817,158.80665747809513,10.498456830830085,449,2,2,172.56205811625398,563.2700445601205
2025-04-07 16:35:00,74.04864449430619,0.6788049931428711,0.037289505805863786,156.02416945410036,13.43062395296731,217,3,9,160.39915510980546,765.1925717193031
2025-04-07 16:40:00,82.11627629526137,0.16420695420326398,0.016002477852044877,153.5915160097957,13.590035340433417,225,1,0,165.56482931018508,368.59144439581803
2025-04-07 16:45:00,53.24267972414842,4.132747815576264,0.03038726189061295,98.63670067841578,13.786831660135553,269,3,4,84.66447173649678,503.31777388729097
2025-04-07 16:50:00,78.99918937140657,3.768148760821784,0.019050296293621333,99.78872270441282,11.58995196969051,14,0,2,185.51655448113917,392.14288310133827
2025-04-07 16:55:00,78.07422939797618,1.0649610627256696,0.0353359374484071,151.33564383014354,10.868561616150687,403,0,0,64.59220525202933,198.33950021940765
2025-04-07 17:00:00,78.03300472080855,1.5004537877275166,0.0357386509386319,100.73005701192287,11.494563273866794,289,1,1,88.04180835379199,475.28974295515445
2025-04-07 17:05:00,80.17438332982275,0.2079770748394955,0.0034416084675653585,124.37654325472928,11.331648384925613,419,3,9,149.45351574866027,787.8585086534947
2025-04-07 17:10:00,83.82339686131812,5.198375703480419,0.036869836103016716,161.45619716414566,10.70461565001144,338,0,4,151.05716957465228,455.47749959006546
2025-04-07 17:15:00,90.24944998403848,6.058017356537117,0.032501389264142914,161.6668719545668,12.429066680405953,264,4,2,96.99868494512373,685.1612999964406
2025-04-07 17:20:00,63.49103600641072,0.8954263155927729,0.031153981953561123,125.95227143279284,11.906496642034515,198,3,5,155.22796656677224,782.7539356457742
2025-04-07 17:25:00,91.2524705090031,1.486073752020315,0.007909899534552987,162.55651333372649,13.462803969296015,157,1,8,108.18958064823082,390.4626044946904
2025-04-07 17:30:00,74.91278411317268,5.404221593613861,0.031697623760592035,167.57115398939013,10.128438321928233,332,3,5,50.02632737868849,817.7631036449291
2025-04-07 17:35:00,53.852913956716556,5.761346692338342,0.033469810777823364,147.71578113870012,12.575471710220505,474,2,1,74.39091984310753,405.0331452727387
2025-04-07 17:40:00,52.92754646219896,2.6435055361723006,0.011383877582493368,101.66999204930939,13.051795514046244,446,2,1,182.39274128272615,330.49635441441046
2025-04-07 17:45:00,66.71191593480305,0.3735449285414379,0.03749057451113252,106.59327228163913,13.037946276753228,491,0,7,83.40410175941282,300.2015509838785
2025-04-07 17:50:00,89.24484885557338,0.3044588366260548,0.0019629989497497364,111.00284478414342,13.5442958683821,418,2,7,66.93655082883139,279.91373115235535
2025-04-07 17:55:00,85.3840467370458,3.5928315420687538,0.005901942291265213,89.61484363526682,12.916134971317977,396,1,5,152.33009088997918,763.4116655320571
2025-04-07 18:00:00,89.43074823362032,2.479060004409829,0.02116462316320192,106.50123899995407,13.711240246590785,206,0,9,116.10596636146042,898.7583349512258
2025-04-07 18:05:00,75.86345282208046,0.23839459700591215,0.022669007167332444,99.62807622575346,11.330626399283567,173,1,6,169.48864045964666,307.5836267667603
2025-04-07 18:10:00,72.00994989777453,3.6500567104100923,0.025399623294564896,126.17550497932902,12.012837667006172,183,1,0,179.21674018486823,176.71626801653855
2025-04-07 18:15:00,57.372626335314195,0.13166547778228907,0.000668076318062846,175.1112551702046,10.056318653131562,264,2,8,176.89833160808473,382.39027865959457
2025-04-07 18:20:00,66.40963768046558,4.905713099971002,0.03780973595355073,88.28387420942747,10.027830349213165,492,2,4,96.951382879534,692.0625150292228
2025-04-07 18:25:00,71.70096830869376,1.9471809478125655,0.0017554376697525222,154.78893578631875,10.96050648180608,470,1,8,125.83189069522463,431.668083003435
2025-04-07 18:30:00,54.43002148398086,0.30978714031971066,0.005632363384915624,151.2265644766178,10.40322878855634,245,2,1,147.52126019704463,594.2588852900969
2025-04-07 18:35:00,61.03059763556056,3.681428678254777,0.0005517529564526159,87.34145345564264,11.040845471743015,35,2,7,98.29746309261859,769.8744691076758
2025-04-07 18:40:00,79.91126470318694,2.508521766578748,0.022317273204631838,176.63781972982642,10.70817317811359,372,2,6,56.164897302952724,467.6306780395437
2025-04-07 18:45:00,86.7831557119595,6.052541332816639,0.03670344044665707,138.39499783293653,10.114080099354593,487,3,3,124.34965734453786,999.7253482340753
2025-04-07 18:50:00,99.91737556964748,3.4098148444740204,0.026218406523304483,116.2823562826539,13.637216585624198,258,1,2,51.92275001983905,368.15433421195223
2025-04-07 18:55:00,96.65566656717789,1.7552909870854543,0.03238810679982127,158.70616701749313,10.032892525555566,481,4,3,192.59684370889207,980.4235166853554
2025-04-07 19:00:00,82.12825997675958,4.426301993889128,0.0005228823082846437,104.79546950737648,12.944328577348342,18,1,3,169.50254691095398,282.7266987098026
2025-04-07 19:05:00,71.0624026647036,1.732239945408474,0.021339196502676662,151.8990624010026,10.608591547678067,411,0,9,78.80146647853918,199.8385689378608
2025-04-07 19:10:00,81.80886823541164,5.62465562642958,0.018093040380690147,81.2888104178027,13.648918487998401,22,2,9,93.13576233378926,775.7475625849312
2025-04-07 19:15:00,89.2825809040116,2.3672666188077764,0.019644417860767042,167.65606806180136,13.571183758359544,103,2,7,197.42578220291574,732.0786909860782
2025-04-07 19:20:00,55.91680954616937,3.444693649336053,0.002843040327964883,125.4024514783024,12.61560458547703,240,4,3,106.03228312119566,830.0524125182179
2025-04-07 19:25:00,70.4952444848144,0.3732412349540126,0.026946288608834742,145.7628347506577,12.688936599202421,492,0,4,167.55835361508383,409.2313795599744
2025-04-07 19:30:00,91.99011428178086,2.6834529595013943,0.019811838055025923,100.89368453912184,10.021356567878755,390,3,1,117.02232026288816,937.7268884676853
2025-04-07 19:35:00,69.1916475966522,5.1824820935266525,0.03012398673392295,150.12396096711237,13.939486264454409,360,1,3,179.61438861509154,207.53328553577097
2025-04-07 19:40:00,78.59361356135932,5.01814445799051,0.019105940792073138,160.40194979647387,13.511330414303258,203,3,6,155.56302622422635,127.24939119801354
2025-04-07 19:45:00,79.38846804310991,1.4420490676104072,0.0058811699563982535,128.10702418351505,13.580424902920369,252,0,2,53.4365089836739,370.50749660077435
2025-04-07 19:50:00,59.22381265668197,1.452878986485753,0.02552194110773926,143.7145077986738,12.636978148203488,141,4,0,94.15848289088558,817.5920170602254
2025-04-07 19:55:00,68.11177208261442,5.0898503096369865,0.006786868314716604,126.28319977281903,11.379147714618146,301,0,7,133.69884723401788,705.6840765462833
2025-04-07 20:00:00,66.72556443709661,5.785550807716436,0.0343462611987354,173.5618678798473,13.574594596361923,142,4,7,188.92610661046308,492.5878878003608
2025-04-07 20:05:00,51.30983542660324,0.6487567590220421,0.024138447643779943,130.76987149554645,11.16606771260477,450,3,5,65.30448419622356,330.6282527749019
2025-04-07 20:10:00,51.209588194567765,2.8307056297052386,0.0061891326160256445,167.91534057511245,12.250846173368812,270,3,6,140.17438065666005,153.34550809117948
2025-04-07 20:15:00,91.58485218378868,2.138011697465391,0.03788734555684086,163.54602229318684,10.39892388937553,306,0,9,95.32650971189864,403.75502060272527
2025-04-07 20:20:00,63.65354049864062,5.418240606934841,0.020408100128057906,121.33452070562251,13.687822520531,471,0,1,183.39916730291606,514.0177909792747
2025-04-07 20:25:00,75.90393831194078,0.5759467016204156,0.0028700193400322442,101.8491251206073,10.563081831084853,499,2,4,164.77544144877697,718.3214542640848
2025-04-07 20:30:00,64.93627867943866,1.3608937267269796,0.024678474130111636,120.85687031645527,10.899587222921628,109,4,6,105.4554083013928,681.3747594517879
2025-04-07 20:35:00,97.03396225576702,4.69100093360513,0.00996846628898504,166.23147658372378,12.23253663251286,7,2,8,75.06547458629205,952.6104126386901
2025-04-07 20:40:00,62.964837943288686,0.3776749513295384,0.031641491569754585,101.58431386849438,13.056372000851926,68,1,0,51.72469585959467,190.35632714757494
2025-04-07 20:45:00,71.48284063694675,3.0920044002932046,0.03219773681850828,133.63912535263694,12.477405223745196,189,1,2,143.1701676007923,402.70611059122274
2025-04-07 20:50:00,93.63651252423008,2.781790753435126,0.03854125529473362,164.05844877976074,10.928535651200624,178,0,5,110.91857114468657,533.4202737432086
2025-04-07 20:55:00,92.09667833959043,2.1192303303952356,0.01975865362338781,115.1755673138649,10.003772170109961,62,3,6,97.21347392911537,703.6262144685903
2025-04-07 21:00:00,59.305070892313864,2.4893774620061464,0.017911697850568984,146.35864079629133,13.028602321229757,67,1,5,197.82534374552534,545.9065222972656
2025-04-07 21:05:00,90.13216548978552,3.3221052531701147,0.029664409933988486,103.52820999727196,13.940829303644374,205,1,0,119.92132033404727,921.4824087520648
2025-04-07 21:10:00,72.90934433689463,1.0548001688065654,0.005215382987247282,88.80218009976127,13.239652481224361,399,2,3,162.4758925468136,647.8051110398321
2025-04-07 21:15:00,74.14844360426775,3.5808114437610477,0.021532118469586678,162.7934963100285,11.84082647262646,467,2,5,76.61186258768544,135.69886872209372
2025-04-07 21:20:00,56.67399862079719,5.016812789705672,0.021505822641911615,87.68861132814034,13.615069045596426,407,1,7,52.01828866127207,202.29037215952087
2025-04-07 21:25:00,54.03007568785623,4.738322475335945,0.0035225657923572255,106.30919066859514,11.6393906924734,5,0,9,112.6343929172024,778.1460053325027
2025-04-07 21:30:00,86.39696534868827,1.0088635830268011,0.016456075244815738,169.35181757572354,12.09973633697387,118,2,3,149.84972524139926,744.2089267116648
2025-04-07 21:35:00,74.82305761776499,0.980256093401021,0.0335939078480706,114.41868300449605,11.908519069582733,312,1,6,125.98980442751892,238.14730164313463
2025-04-07 21:40:00,71.84253513075898,1.711831273094243,0.033706853713291976,182.08889774752942,11.7904954906621,30,3,2,183.56993864365865,153.01779495909946
2025-04-07 21:45:00,86.47541143261984,2.2833146014344408,0.003906996791654333,182.81130815557688,13.100763077175623,5,2,7,115.09690267807471,620.8460698958817
2025-04-07 21:50:00,88.27564494955548,2.5747813854461654,0.0035716902258703755,105.97381020898412,12.107075629077968,482,1,0,96.65042197296367,672.16494882406
2025-04-07 21:55:00,57.94540838346768,4.24334407927743,0.010342347199113892,81.42564800298817,11.266868488100865,206,4,3,187.40730143114652,221.76967376155142
2025-04-07 22:00:00,80.51125747388207,0.41081091047164137,0.034439627359356975,153.14683469418097,11.032632670633912,156,2,7,111.02034179515714,526.2573889367338
2025-04-07 22:05:00,56.76770411388428,0.2754287676867854,0.005074907664602161,125.70654228602112,10.150989267869733,66,4,9,90.44717924594175,375.24837620657166
2025-04-07 22:10:00,87.56875430145229,2.4730034982294953,0.02834634611912282,87.88130714763425,12.332780647532184,458,2,3,64.64916152151206,938.175081073199
2025-04-07 22:15:00,82.84775781335698,4.350790375419944,0.003982900560729835,153.41246444962863,10.919845661604137,386,2,1,168.99646598237314,297.27982305046413
2025-04-07 22:20:00,97.8307310541729,1.2520687136333042,0.02453299961583726,80.3668901840875,10.592535688065531,411,4,1,173.76371911967647,759.9346533129697
2025-04-07 22:25:00,53.44790081782106,4.0083986821245166,0.014018405173050643,170.98124257316212,12.61531985531071,329,0,3,54.9946675347758,566.3205220099038
2025-04-07 22:30:00,52.852736057562716,1.6604888320110083,0.03105962161336248,91.97447314423681,12.724837031286196,369,1,3,103.79683976022872,110.36891082343905
2025-04-07 22:35:00,64.10935373466,5.512960394043678,0.009200416339299447,90.74968290464629,13.008619569030664,352,0,1,162.48146818969394,565.298724891356
2025-04-07 22:40:00,63.0852841867953,5.572039087953028,0.025165439943265658,95.97260818060712,12.014307585354366,431,0,6,191.9572771232081,189.52493492755133
2025-04-07 22:45:00,62.348939953599995,1.8909210093737723,0.009278844954506048,180.7087667171432,13.576218420815547,335,1,5,106.67274257673574,693.1559762427805
2025-04-07 22:50:00,95.31272902605184,1.476960444049538,0.028096876712153804,151.86229090741534,13.745371013592912,378,3,2,180.80801470692404,608.971177343415
2025-04-07 22:55:00,62.477309992475305,2.5923034682249853,0.03439679158846013,163.54812583007273,13.229483759169957,393,0,7,109.05806097982926,109.38450460012712
2025-04-07 23:00:00,63.59748630643155,1.5417846809882445,0.004992199511800455,119.94457845913732,12.542373928032749,288,0,7,76.92419408639722,284.2235466246832
2025-04-07 23:05:00,87.96991312089818,4.198355328791091,0.03411795891957383,113.32177457053521,11.214883814364754,483,0,0,50.516921566530456,798.6025475848204
2025-04-07 23:10:00,72.486992122527,5.143734227114282,0.02336911712381635,102.32427273258236,13.931779686480885,450,3,2,99.52715347293196,348.19535287181907
2025-04-07 23:15:00,88.83552784775907,4.2027124117166945,0.00500435273648382,128.90998705774018,11.096544668767754,452,2,4,106.77125760910573,549.3550610467478
2025-04-07 23:20:00,53.26830787821926,5.133188971401977,0.016832365599697398,136.5975032216902,10.810627687961723,139,4,1,191.76762933310042,380.7987529682654
2025-04-07 23:25:00,74.37855968366921,2.5042633265479024,0.006333085840537652,145.23168311449757,11.768616455146331,440,4,4,80.91053786309342,929.3741707577859
2025-04-07 23:30:00,51.680680009164135,1.0237323408227224,0.027572766419465728,104.76879843185901,10.227362282849555,299,3,9,107.33460620262571,582.9193160050906
2025-04-07 23:35:00,53.13266017276773,4.601696149540353,0.02987671433884812,179.454640737523,13.913977858687163,12,0,2,53.77311947346698,726.5561633704187
2025-04-07 23:40:00,95.32187266722055,2.2796222969696935,0.004165219582792122,95.33391780637068,12.353734225665699,151,4,8,164.53096026370795,175.1284942273972
2025-04-07 23:45:00,56.96226855587976,4.191508517040168,0.019926776614573417,181.2905428747725,12.227808366656701,427,3,0,187.271185438248,136.30238877947693
2025-04-07 23:50:00,76.62103411376086,1.727023039044202,0.03207186991824596,78.60446123081041,12.62318511959888,312,1,3,85.67309709147378,333.3053755604178
2025-04-07 23:55:00,70.55478013003533,0.5618271201536243,0.03685683256216689,128.96157471621933,11.988094591108826,351,4,9,114.34926659602468,378.22086302828865
2025-04-08 00:00:00,67.36716631294213,6.168076374155868,0.02021724976541016,113.00372651658878,10.128254068378165,399,1,5,68.3168932048991,718.9124870619116
